{"playerScores":[1855,820],"moves":[[{"unitActions":["MOVE","MOVE","MOVE","MOVE"],"unitActionTargets":[{"x":1,"y":2},{"x":2,"y":2},{"x":3,"y":2},{"x":4,"y":2}]},{"unitActions":["MOVE","MOVE","MOVE","MOVE"],"unitActionTargets":[{"x":1,"y":3},{"x":2,"y":3},{"x":3,"y":3},{"x":4,"y":3}]},{"unitActions":["MOVE",null,"MOVE",null],"unitActionTargets":[{"x":1,"y":4},null,{"x":3,"y":4},null]},{"unitActions":["MOVE","MOVE","MOVE","MOVE"],"unitActionTargets":[{"x":1,"y":5},{"x":1,"y":4},{"x":3,"y":5},{"x":3,"y":4}]},{"unitActions":["MOVE","MOVE",null,"MOVE"],"unitActionTargets":[{"x":2,"y":6},{"x":1,"y":5},null,{"x":3,"y":5}]},{"unitActions":["MOVE","MOVE","MOVE","MOVE"],"unitActionTargets":[{"x":2,"y":7},{"x":2,"y":6},{"x":4,"y":6},{"x":3,"y":5}]},{"unitActions":["MOVE","MOVE","MOVE","MOVE"],"unitActionTargets":[{"x":1,"y":8},{"x":2,"y":7},{"x":5,"y":7},{"x":4,"y":6}]},{"unitActions":["MOVE","MOVE","MOVE","MOVE"],"unitActionTargets":[{"x":1,"y":9},{"x":1,"y":8},{"x":6,"y":6},{"x":5,"y":7}]},{"unitActions":["MOVE","MOVE","MOVE","MOVE"],"unitActionTargets":[{"x":2,"y":10},{"x":1,"y":9},{"x":7,"y":5},{"x":6,"y":6}]},{"unitActions":["MOVE","MOVE","MOVE","MOVE"],"unitActionTargets":[{"x":2,"y":11},{"x":2,"y":10},{"x":8,"y":6},{"x":7,"y":5}]},{"unitActions":["MOVE","MOVE","MOVE","MOVE"],"unitActionTargets":[{"x":1,"y":12},{"x":2,"y":11},{"x":8,"y":7},{"x":8,"y":6}]},{"unitActions":["PICK_UP","MOVE","MOVE","MOVE"],"unitActionTargets":[{"x":1,"y":12},{"x":2,"y":12},{"x":9,"y":8},{"x":8,"y":7}]},{"unitActions":["MOVE","PICK_UP","MOVE","MOVE"],"unitActionTargets":[{"x":1,"y":13},{"x":2,"y":12},{"x":9,"y":9},{"x":9,"y":8}]},{"unitActions":["PICK_UP","MOVE","MOVE","MOVE"],"unitActionTargets":[{"x":1,"y":13},{"x":2,"y":13},{"x":10,"y":10},{"x":9,"y":9}]},{"unitActions":["MOVE","MOVE","MOVE","MOVE"],"unitActionTargets":[{"x":2,"y":13},{"x":3,"y":13},{"x":11,"y":11},{"x":10,"y":10}]},{"unitActions":["PICK_UP","PICK_UP","MOVE","MOVE"],"unitActionTargets":[{"x":2,"y":13},{"x":3,"y":13},{"x":12,"y":11},{"x":11,"y":11}]},{"unitActions":["MOVE","MOVE","MOVE","MOVE"],"unitActionTargets":[{"x":3,"y":12},{"x":4,"y":13},{"x":13,"y":12},{"x":12,"y":11}]},{"unitActions":["PICK_UP","PICK_UP","PICK_UP",null],"unitActionTargets":[{"x":3,"y":12},{"x":4,"y":13},{"x":13,"y":12},null]},{"unitActions":["MOVE",null,"MOVE",null],"unitActionTargets":[{"x":4,"y":12},null,{"x":12,"y":12},null]},{"unitActions":["PICK_UP",null,"PICK_UP",null],"unitActionTargets":[{"x":4,"y":12},null,{"x":12,"y":12},null]},{"unitActions":["MOVE","MOVE","MOVE","MOVE"],"unitActionTargets":[{"x":4,"y":11},{"x":4,"y":12},{"x":13,"y":13},{"x":12,"y":12}]},{"unitActions":["MOVE","MOVE","PICK_UP","MOVE"],"unitActionTargets":[{"x":4,"y":10},{"x":4,"y":11},{"x":13,"y":13},{"x":12,"y":13}]},{"unitActions":["MOVE","MOVE","MOVE","MOVE"],"unitActionTargets":[{"x":4,"y":9},{"x":4,"y":10},{"x":12,"y":13},{"x":11,"y":13}]},{"unitActions":["MOVE","MOVE","PICK_UP","PICK_UP"],"unitActionTargets":[{"x":5,"y":8},{"x":4,"y":9},{"x":12,"y":13},{"x":11,"y":13}]},{"unitActions":["MOVE","MOVE","MOVE","MOVE"],"unitActionTargets":[{"x":5,"y":7},{"x":5,"y":8},{"x":11,"y":13},{"x":10,"y":13}]},{"unitActions":["MOVE","MOVE","MOVE","PICK_UP"],"unitActionTargets":[{"x":6,"y":6},{"x":5,"y":7},{"x":10,"y":13},{"x":10,"y":13}]},{"unitActions":["MOVE","MOVE","MOVE",null],"unitActionTargets":[{"x":7,"y":5},{"x":6,"y":6},{"x":10,"y":12},null]},{"unitActions":["MOVE","MOVE","PICK_UP",null],"unitActionTargets":[{"x":8,"y":6},{"x":7,"y":5},{"x":10,"y":12},null]},{"unitActions":["MOVE","MOVE","MOVE",null],"unitActionTargets":[{"x":8,"y":7},{"x":8,"y":6},{"x":11,"y":12},null]},{"unitActions":["MOVE","MOVE","PICK_UP",null],"unitActionTargets":[{"x":9,"y":8},{"x":8,"y":7},{"x":11,"y":12},null]},{"unitActions":[null,null,"MOVE","MOVE"],"unitActionTargets":[null,null,{"x":11,"y":11},{"x":10,"y":12}]},{"unitActions":[null,null,"MOVE","MOVE"],"unitActionTargets":[null,null,{"x":10,"y":10},{"x":10,"y":11}]},{"unitActions":[null,null,"MOVE",null],"unitActionTargets":[null,null,{"x":10,"y":9},null]},{"unitActions":[null,null,"MOVE",null],"unitActionTargets":[null,null,{"x":9,"y":8},null]},{"unitActions":[null,null,"MOVE",null],"unitActionTargets":[null,null,{"x":9,"y":8},null]},{"unitActions":[null,null,"MOVE",null],"unitActionTargets":[null,null,{"x":9,"y":8},null]},{"unitActions":[null,null,"MOVE",null],"unitActionTargets":[null,null,{"x":9,"y":8},null]},{"unitActions":[null,null,"MOVE",null],"unitActionTargets":[null,null,{"x":9,"y":8},null]},{"unitActions":[null,null,"MOVE",null],"unitActionTargets":[null,null,{"x":9,"y":8},null]},{"unitActions":[null,null,"MOVE",null],"unitActionTargets":[null,null,{"x":9,"y":8},null]},{"unitActions":[null,null,"MOVE",null],"unitActionTargets":[null,null,{"x":9,"y":8},null]},{"unitActions":[null,null,"MOVE",null],"unitActionTargets":[null,null,{"x":9,"y":8},null]},{"unitActions":[null,null,"MOVE",null],"unitActionTargets":[null,null,{"x":9,"y":8},null]},{"unitActions":[null,null,"MOVE",null],"unitActionTargets":[null,null,{"x":9,"y":8},null]},{"unitActions":[null,null,"MOVE",null],"unitActionTargets":[null,null,{"x":9,"y":8},null]},{"unitActions":[null,null,"MOVE",null],"unitActionTargets":[null,null,{"x":9,"y":8},null]},{"unitActions":[null,null,"MOVE",null],"unitActionTargets":[null,null,{"x":9,"y":8},null]},{"unitActions":[null,null,"MOVE",null],"unitActionTargets":[null,null,{"x":9,"y":8},null]},{"unitActions":[null,null,"MOVE",null],"unitActionTargets":[null,null,{"x":9,"y":8},null]},{"unitActions":[null,null,"MOVE",null],"unitActionTargets":[null,null,{"x":9,"y":8},null]},{"unitActions":[null,null,"MOVE",null],"unitActionTargets":[null,null,{"x":9,"y":8},null]},{"unitActions":[null,null,"MOVE",null],"unitActionTargets":[null,null,{"x":9,"y":8},null]},{"unitActions":[null,null,"MOVE",null],"unitActionTargets":[null,null,{"x":9,"y":8},null]},{"unitActions":[null,null,"MOVE",null],"unitActionTargets":[null,null,{"x":9,"y":8},null]},{"unitActions":[null,null,"MOVE",null],"unitActionTargets":[null,null,{"x":9,"y":8},null]},{"unitActions":[null,null,"MOVE",null],"unitActionTargets":[null,null,{"x":9,"y":8},null]},{"unitActions":[null,null,"MOVE",null],"unitActionTargets":[null,null,{"x":9,"y":8},null]},{"unitActions":[null,null,"MOVE",null],"unitActionTargets":[null,null,{"x":9,"y":8},null]},{"unitActions":[null,null,"MOVE",null],"unitActionTargets":[null,null,{"x":9,"y":8},null]},{"unitActions":[null,null,"MOVE",null],"unitActionTargets":[null,null,{"x":9,"y":8},null]},{"unitActions":[null,null,"MOVE",null],"unitActionTargets":[null,null,{"x":9,"y":8},null]},{"unitActions":[null,null,"MOVE",null],"unitActionTargets":[null,null,{"x":9,"y":8},null]},{"unitActions":[null,null,"MOVE",null],"unitActionTargets":[null,null,{"x":9,"y":8},null]},{"unitActions":[null,null,"MOVE",null],"unitActionTargets":[null,null,{"x":9,"y":8},null]},{"unitActions":[null,null,"MOVE",null],"unitActionTargets":[null,null,{"x":9,"y":8},null]},{"unitActions":[null,null,"MOVE",null],"unitActionTargets":[null,null,{"x":9,"y":8},null]},{"unitActions":[null,null,"MOVE",null],"unitActionTargets":[null,null,{"x":9,"y":8},null]},{"unitActions":[null,null,"MOVE",null],"unitActionTargets":[null,null,{"x":9,"y":8},null]},{"unitActions":[null,null,"MOVE",null],"unitActionTargets":[null,null,{"x":9,"y":8},null]},{"unitActions":[null,null,"MOVE",null],"unitActionTargets":[null,null,{"x":9,"y":8},null]},{"unitActions":[null,null,"MOVE",null],"unitActionTargets":[null,null,{"x":9,"y":8},null]},{"unitActions":[null,null,"MOVE",null],"unitActionTargets":[null,null,{"x":9,"y":8},null]},{"unitActions":[null,null,"MOVE",null],"unitActionTargets":[null,null,{"x":9,"y":8},null]},{"unitActions":[null,null,"MOVE",null],"unitActionTargets":[null,null,{"x":9,"y":8},null]},{"unitActions":[null,null,"MOVE",null],"unitActionTargets":[null,null,{"x":9,"y":8},null]},{"unitActions":[null,null,"MOVE",null],"unitActionTargets":[null,null,{"x":9,"y":8},null]},{"unitActions":[null,null,"MOVE",null],"unitActionTargets":[null,null,{"x":9,"y":8},null]},{"unitActions":[null,null,"MOVE",null],"unitActionTargets":[null,null,{"x":9,"y":8},null]},{"unitActions":[null,null,"MOVE",null],"unitActionTargets":[null,null,{"x":9,"y":8},null]},{"unitActions":[null,null,"MOVE",null],"unitActionTargets":[null,null,{"x":9,"y":8},null]},{"unitActions":[null,null,"MOVE",null],"unitActionTargets":[null,null,{"x":9,"y":8},null]},{"unitActions":[null,null,"MOVE",null],"unitActionTargets":[null,null,{"x":9,"y":8},null]},{"unitActions":[null,null,"MOVE",null],"unitActionTargets":[null,null,{"x":9,"y":8},null]},{"unitActions":[null,null,"MOVE",null],"unitActionTargets":[null,null,{"x":9,"y":8},null]},{"unitActions":[null,null,"MOVE",null],"unitActionTargets":[null,null,{"x":9,"y":8},null]},{"unitActions":[null,null,"MOVE",null],"unitActionTargets":[null,null,{"x":9,"y":8},null]},{"unitActions":[null,null,"MOVE",null],"unitActionTargets":[null,null,{"x":9,"y":8},null]},{"unitActions":[null,null,"MOVE",null],"unitActionTargets":[null,null,{"x":9,"y":8},null]},{"unitActions":[null,null,"MOVE",null],"unitActionTargets":[null,null,{"x":9,"y":8},null]},{"unitActions":[null,null,"MOVE",null],"unitActionTargets":[null,null,{"x":9,"y":8},null]},{"unitActions":[null,null,"MOVE",null],"unitActionTargets":[null,null,{"x":9,"y":8},null]},{"unitActions":[null,null,"MOVE",null],"unitActionTargets":[null,null,{"x":9,"y":8},null]},{"unitActions":[null,null,"MOVE",null],"unitActionTargets":[null,null,{"x":9,"y":8},null]},{"unitActions":[null,null,"MOVE",null],"unitActionTargets":[null,null,{"x":9,"y":8},null]},{"unitActions":[null,null,"MOVE",null],"unitActionTargets":[null,null,{"x":9,"y":8},null]},{"unitActions":[null,null,"MOVE",null],"unitActionTargets":[null,null,{"x":9,"y":8},null]},{"unitActions":[null,null,"MOVE",null],"unitActionTargets":[null,null,{"x":9,"y":8},null]},{"unitActions":[null,null,"MOVE",null],"unitActionTargets":[null,null,{"x":9,"y":8},null]},{"unitActions":[null,null,"MOVE",null],"unitActionTargets":[null,null,{"x":9,"y":8},null]},{"unitActions":[null,null,"MOVE",null],"unitActionTargets":[null,null,{"x":9,"y":8},null]},{"unitActions":[null,null,"MOVE",null],"unitActionTargets":[null,null,{"x":9,"y":8},null]},{"unitActions":[null,null,"MOVE",null],"unitActionTargets":[null,null,{"x":9,"y":8},null]},{"unitActions":[null,null,"MOVE",null],"unitActionTargets":[null,null,{"x":9,"y":8},null]},{"unitActions":[null,null,"MOVE",null],"unitActionTargets":[null,null,{"x":9,"y":8},null]},{"unitActions":[null,null,"MOVE",null],"unitActionTargets":[null,null,{"x":9,"y":8},null]},{"unitActions":[null,null,"MOVE",null],"unitActionTargets":[null,null,{"x":9,"y":8},null]}],[{"unitActions":[null,null,null,null],"unitActionTargets":[null,null,null,null]},{"unitActions":[null,null,null,null],"unitActionTargets":[null,null,null,null]},{"unitActions":[null,null,null,null],"unitActionTargets":[null,null,null,null]},{"unitActions":[null,null,null,null],"unitActionTargets":[null,null,null,null]},{"unitActions":[null,null,null,null],"unitActionTargets":[null,null,null,null]},{"unitActions":[null,null,null,null],"unitActionTargets":[null,null,null,null]},{"unitActions":[null,null,null,null],"unitActionTargets":[null,null,null,null]},{"unitActions":[null,null,null,null],"unitActionTargets":[null,null,null,null]},{"unitActions":[null,null,null,null],"unitActionTargets":[null,null,null,null]},{"unitActions":[null,null,null,null],"unitActionTargets":[null,null,null,null]},{"unitActions":[null,null,null,null],"unitActionTargets":[null,null,null,null]},{"unitActions":[null,null,null,null],"unitActionTargets":[null,null,null,null]},{"unitActions":[null,null,null,null],"unitActionTargets":[null,null,null,null]},{"unitActions":[null,null,null,null],"unitActionTargets":[null,null,null,null]},{"unitActions":[null,null,null,null],"unitActionTargets":[null,null,null,null]},{"unitActions":[null,null,null,null],"unitActionTargets":[null,null,null,null]},{"unitActions":[null,null,null,null],"unitActionTargets":[null,null,null,null]},{"unitActions":[null,null,null,null],"unitActionTargets":[null,null,null,null]},{"unitActions":[null,null,null,null],"unitActionTargets":[null,null,null,null]},{"unitActions":[null,null,null,null],"unitActionTargets":[null,null,null,null]},{"unitActions":[null,null,null,null],"unitActionTargets":[null,null,null,null]},{"unitActions":[null,null,null,null],"unitActionTargets":[null,null,null,null]},{"unitActions":[null,null,null,null],"unitActionTargets":[null,null,null,null]},{"unitActions":[null,null,null,null],"unitActionTargets":[null,null,null,null]},{"unitActions":[null,null,null,null],"unitActionTargets":[null,null,null,null]},{"unitActions":[null,null,null,null],"unitActionTargets":[null,null,null,null]},{"unitActions":[null,null,null,null],"unitActionTargets":[null,null,null,null]},{"unitActions":[null,null,null,null],"unitActionTargets":[null,null,null,null]},{"unitActions":[null,null,null,null],"unitActionTargets":[null,null,null,null]},{"unitActions":[null,null,null,null],"unitActionTargets":[null,null,null,null]},{"unitActions":[null,null,null,null],"unitActionTargets":[null,null,null,null]},{"unitActions":[null,null,null,null],"unitActionTargets":[null,null,null,null]},{"unitActions":[null,null,null,null],"unitActionTargets":[null,null,null,null]},{"unitActions":[null,null,null,null],"unitActionTargets":[null,null,null,null]},{"unitActions":[null,null,null,null],"unitActionTargets":[null,null,null,null]},{"unitActions":[null,null,null,null],"unitActionTargets":[null,null,null,null]},{"unitActions":[null,null,null,null],"unitActionTargets":[null,null,null,null]},{"unitActions":[null,null,null,null],"unitActionTargets":[null,null,null,null]},{"unitActions":[null,null,null,null],"unitActionTargets":[null,null,null,null]},{"unitActions":[null,null,null,null],"unitActionTargets":[null,null,null,null]},{"unitActions":[null,null,null,null],"unitActionTargets":[null,null,null,null]},{"unitActions":[null,null,null,null],"unitActionTargets":[null,null,null,null]},{"unitActions":[null,null,null,null],"unitActionTargets":[null,null,null,null]},{"unitActions":[null,null,null,null],"unitActionTargets":[null,null,null,null]},{"unitActions":[null,null,null,null],"unitActionTargets":[null,null,null,null]},{"unitActions":[null,null,null,null],"unitActionTargets":[null,null,null,null]},{"unitActions":[null,null,null,null],"unitActionTargets":[null,null,null,null]},{"unitActions":[null,null,null,null],"unitActionTargets":[null,null,null,null]},{"unitActions":[null,null,null,null],"unitActionTargets":[null,null,null,null]},{"unitActions":[null,null,null,null],"unitActionTargets":[null,null,null,null]},{"unitActions":[null,null,null,null],"unitActionTargets":[null,null,null,null]},{"unitActions":[null,null,null,null],"unitActionTargets":[null,null,null,null]},{"unitActions":[null,null,null,null],"unitActionTargets":[null,null,null,null]},{"unitActions":[null,null,null,null],"unitActionTargets":[null,null,null,null]},{"unitActions":[null,null,null,null],"unitActionTargets":[null,null,null,null]},{"unitActions":[null,null,null,null],"unitActionTargets":[null,null,null,null]},{"unitActions":[null,null,null,null],"unitActionTargets":[null,null,null,null]},{"unitActions":[null,null,null,null],"unitActionTargets":[null,null,null,null]},{"unitActions":[null,null,null,null],"unitActionTargets":[null,null,null,null]},{"unitActions":[null,null,null,null],"unitActionTargets":[null,null,null,null]},{"unitActions":[null,null,null,null],"unitActionTargets":[null,null,null,null]},{"unitActions":[null,null,null,null],"unitActionTargets":[null,null,null,null]},{"unitActions":[null,null,null,null],"unitActionTargets":[null,null,null,null]},{"unitActions":[null,null,null,null],"unitActionTargets":[null,null,null,null]},{"unitActions":[null,null,null,null],"unitActionTargets":[null,null,null,null]},{"unitActions":[null,null,null,null],"unitActionTargets":[null,null,null,null]},{"unitActions":[null,null,null,null],"unitActionTargets":[null,null,null,null]},{"unitActions":[null,null,null,null],"unitActionTargets":[null,null,null,null]},{"unitActions":[null,null,null,null],"unitActionTargets":[null,null,null,null]},{"unitActions":[null,null,null,null],"unitActionTargets":[null,null,null,null]},{"unitActions":[null,null,null,null],"unitActionTargets":[null,null,null,null]},{"unitActions":[null,null,null,null],"unitActionTargets":[null,null,null,null]},{"unitActions":[null,null,null,null],"unitActionTargets":[null,null,null,null]},{"unitActions":[null,null,null,null],"unitActionTargets":[null,null,null,null]},{"unitActions":[null,null,null,null],"unitActionTargets":[null,null,null,null]},{"unitActions":[null,null,null,null],"unitActionTargets":[null,null,null,null]},{"unitActions":[null,null,null,null],"unitActionTargets":[null,null,null,null]},{"unitActions":[null,null,null,null],"unitActionTargets":[null,null,null,null]},{"unitActions":[null,null,null,null],"unitActionTargets":[null,null,null,null]},{"unitActions":[null,null,null,null],"unitActionTargets":[null,null,null,null]},{"unitActions":[null,null,null,null],"unitActionTargets":[null,null,null,null]},{"unitActions":[null,null,null,null],"unitActionTargets":[null,null,null,null]},{"unitActions":[null,null,null,null],"unitActionTargets":[null,null,null,null]},{"unitActions":[null,null,null,null],"unitActionTargets":[null,null,null,null]},{"unitActions":[null,null,null,null],"unitActionTargets":[null,null,null,null]},{"unitActions":[null,null,null,null],"unitActionTargets":[null,null,null,null]},{"unitActions":[null,null,null,null],"unitActionTargets":[null,null,null,null]},{"unitActions":[null,null,null,null],"unitActionTargets":[null,null,null,null]},{"unitActions":[null,null,null,null],"unitActionTargets":[null,null,null,null]},{"unitActions":[null,null,null,null],"unitActionTargets":[null,null,null,null]},{"unitActions":[null,null,null,null],"unitActionTargets":[null,null,null,null]},{"unitActions":[null,null,null,null],"unitActionTargets":[null,null,null,null]},{"unitActions":[null,null,null,null],"unitActionTargets":[null,null,null,null]},{"unitActions":[null,null,null,null],"unitActionTargets":[null,null,null,null]},{"unitActions":[null,null,null,null],"unitActionTargets":[null,null,null,null]},{"unitActions":[null,null,null,null],"unitActionTargets":[null,null,null,null]},{"unitActions":[null,null,null,null],"unitActionTargets":[null,null,null,null]},{"unitActions":[null,null,null,null],"unitActionTargets":[null,null,null,null]},{"unitActions":[null,null,null,null],"unitActionTargets":[null,null,null,null]},{"unitActions":[null,null,null,null],"unitActionTargets":[null,null,null,null]},{"unitActions":[null,null,null,null],"unitActionTargets":[null,null,null,null]},{"unitActions":[null,null,null,null],"unitActionTargets":[null,null,null,null]},{"unitActions":[null,null,null,null],"unitActionTargets":[null,null,null,null]},{"unitActions":[null,null,null,null],"unitActionTargets":[null,null,null,null]},{"unitActions":[null,null,null,null],"unitActionTargets":[null,null,null,null]},{"unitActions":[null,null,null,null],"unitActionTargets":[null,null,null,null]}]],"playerUUIDs":["src","JavaAI"],"playerScoreEvents":[[{"turnNum":0,"scoreEventType":"MAP_TILE_EXPLORED","multiplier":1},{"turnNum":0,"scoreEventType":"MAP_TILE_EXPLORED","multiplier":1},{"turnNum":0,"scoreEventType":"MAP_TILE_EXPLORED","multiplier":1},{"turnNum":0,"scoreEventType":"MAP_TILE_EXPLORED","multiplier":1},{"turnNum":1,"scoreEventType":"MAP_TILE_EXPLORED","multiplier":1},{"turnNum":1,"scoreEventType":"MAP_TILE_EXPLORED","multiplier":1},{"turnNum":1,"scoreEventType":"MAP_TILE_EXPLORED","multiplier":1},{"turnNum":1,"scoreEventType":"MAP_TILE_EXPLORED","multiplier":1},{"turnNum":2,"scoreEventType":"MAP_TILE_EXPLORED","multiplier":1},{"turnNum":2,"scoreEventType":"MAP_TILE_EXPLORED","multiplier":1},{"turnNum":3,"scoreEventType":"MAP_TILE_EXPLORED","multiplier":1},{"turnNum":3,"scoreEventType":"MAP_TILE_EXPLORED","multiplier":1},{"turnNum":4,"scoreEventType":"MAP_TILE_EXPLORED","multiplier":1},{"turnNum":5,"scoreEventType":"MAP_TILE_EXPLORED","multiplier":1},{"turnNum":5,"scoreEventType":"MAP_TILE_EXPLORED","multiplier":1},{"turnNum":6,"scoreEventType":"MAP_TILE_EXPLORED","multiplier":1},{"turnNum":6,"scoreEventType":"MAP_TILE_EXPLORED","multiplier":1},{"turnNum":7,"scoreEventType":"MAP_TILE_EXPLORED","multiplier":1},{"turnNum":7,"scoreEventType":"MAP_TILE_EXPLORED","multiplier":1},{"turnNum":8,"scoreEventType":"MAP_TILE_EXPLORED","multiplier":1},{"turnNum":8,"scoreEventType":"MAP_TILE_EXPLORED","multiplier":1},{"turnNum":9,"scoreEventType":"MAP_TILE_EXPLORED","multiplier":1},{"turnNum":9,"scoreEventType":"MAP_TILE_EXPLORED","multiplier":1},{"turnNum":10,"scoreEventType":"MAP_TILE_EXPLORED","multiplier":1},{"turnNum":10,"scoreEventType":"MAP_TILE_EXPLORED","multiplier":1},{"turnNum":11,"scoreEventType":"PICK_UP_OBTAINED","multiplier":1},{"turnNum":11,"scoreEventType":"MAP_TILE_EXPLORED","multiplier":1},{"turnNum":11,"scoreEventType":"MAP_TILE_EXPLORED","multiplier":1},{"turnNum":12,"scoreEventType":"PICK_UP_OBTAINED","multiplier":1},{"turnNum":12,"scoreEventType":"MAP_TILE_EXPLORED","multiplier":1},{"turnNum":12,"scoreEventType":"MAP_TILE_EXPLORED","multiplier":1},{"turnNum":13,"scoreEventType":"PICK_UP_OBTAINED","multiplier":1},{"turnNum":13,"scoreEventType":"MAP_TILE_EXPLORED","multiplier":1},{"turnNum":13,"scoreEventType":"MAP_TILE_EXPLORED","multiplier":1},{"turnNum":14,"scoreEventType":"MAP_TILE_EXPLORED","multiplier":1},{"turnNum":14,"scoreEventType":"MAP_TILE_EXPLORED","multiplier":1},{"turnNum":15,"scoreEventType":"PICK_UP_OBTAINED","multiplier":1},{"turnNum":15,"scoreEventType":"PICK_UP_OBTAINED","multiplier":1},{"turnNum":15,"scoreEventType":"MAP_TILE_EXPLORED","multiplier":1},{"turnNum":16,"scoreEventType":"MAP_TILE_EXPLORED","multiplier":1},{"turnNum":16,"scoreEventType":"MAP_TILE_EXPLORED","multiplier":1},{"turnNum":16,"scoreEventType":"MAP_TILE_EXPLORED","multiplier":1},{"turnNum":17,"scoreEventType":"PICK_UP_OBTAINED","multiplier":1},{"turnNum":17,"scoreEventType":"PICK_UP_OBTAINED","multiplier":1},{"turnNum":17,"scoreEventType":"PICK_UP_OBTAINED","multiplier":1},{"turnNum":18,"scoreEventType":"MAP_TILE_EXPLORED","multiplier":1},{"turnNum":18,"scoreEventType":"MAP_TILE_EXPLORED","multiplier":1},{"turnNum":19,"scoreEventType":"PICK_UP_OBTAINED","multiplier":1},{"turnNum":19,"scoreEventType":"PICK_UP_OBTAINED","multiplier":1},{"turnNum":20,"scoreEventType":"MAP_TILE_EXPLORED","multiplier":1},{"turnNum":20,"scoreEventType":"MAP_TILE_EXPLORED","multiplier":1},{"turnNum":21,"scoreEventType":"PICK_UP_OBTAINED","multiplier":1},{"turnNum":21,"scoreEventType":"MAP_TILE_EXPLORED","multiplier":1},{"turnNum":21,"scoreEventType":"MAP_TILE_EXPLORED","multiplier":1},{"turnNum":22,"scoreEventType":"MAP_TILE_EXPLORED","multiplier":1},{"turnNum":22,"scoreEventType":"MAP_TILE_EXPLORED","multiplier":1},{"turnNum":23,"scoreEventType":"PICK_UP_OBTAINED","multiplier":1},{"turnNum":23,"scoreEventType":"PICK_UP_OBTAINED","multiplier":1},{"turnNum":23,"scoreEventType":"MAP_TILE_EXPLORED","multiplier":1},{"turnNum":24,"scoreEventType":"MAP_TILE_EXPLORED","multiplier":1},{"turnNum":25,"scoreEventType":"PICK_UP_OBTAINED","multiplier":1},{"turnNum":26,"scoreEventType":"MAP_TILE_EXPLORED","multiplier":1},{"turnNum":27,"scoreEventType":"PICK_UP_OBTAINED","multiplier":1},{"turnNum":28,"scoreEventType":"MAP_TILE_EXPLORED","multiplier":1},{"turnNum":29,"scoreEventType":"PICK_UP_OBTAINED","multiplier":1},{"turnNum":31,"scoreEventType":"MAP_TILE_EXPLORED","multiplier":1},{"turnNum":32,"scoreEventType":"MAP_TILE_EXPLORED","multiplier":1},{"turnNum":106,"scoreEventType":"ROUND_DRAW","multiplier":1}],[{"turnNum":0,"scoreEventType":"MAP_TILE_EXPLORED","multiplier":1},{"turnNum":0,"scoreEventType":"MAP_TILE_EXPLORED","multiplier":1},{"turnNum":0,"scoreEventType":"MAP_TILE_EXPLORED","multiplier":1},{"turnNum":0,"scoreEventType":"MAP_TILE_EXPLORED","multiplier":1},{"turnNum":106,"scoreEventType":"ROUND_DRAW","multiplier":1}]],"gameLength":106,"missedTurns":[0,0]}