{"playerScores":[163855,445],"moves":[[{"unitActions":["MOVE","MOVE","MOVE","MOVE"],"unitActionTargets":[{"x":3,"y":2},{"x":5,"y":3},{"x":9,"y":3},{"x":11,"y":2}]},{"unitActions":["MOVE","MOVE","MOVE","MOVE"],"unitActionTargets":[{"x":4,"y":3},{"x":6,"y":4},{"x":10,"y":4},{"x":10,"y":3}]},{"unitActions":["MOVE","MOVE","MOVE","MOVE"],"unitActionTargets":[{"x":3,"y":4},{"x":7,"y":4},{"x":11,"y":5},{"x":10,"y":4}]},{"unitActions":["PICK_UP","MOVE","MOVE","MOVE"],"unitActionTargets":[{"x":3,"y":4},{"x":8,"y":4},{"x":12,"y":6},{"x":11,"y":5}]},{"unitActions":["MOVE","MOVE","MOVE","MOVE"],"unitActionTargets":[{"x":3,"y":5},{"x":9,"y":4},{"x":12,"y":7},{"x":12,"y":6}]},{"unitActions":["MOVE","MOVE","MOVE","MOVE"],"unitActionTargets":[{"x":4,"y":6},{"x":10,"y":4},{"x":13,"y":8},{"x":12,"y":7}]},{"unitActions":["MOVE","MOVE","MOVE","MOVE"],"unitActionTargets":[{"x":3,"y":7},{"x":11,"y":4},{"x":12,"y":9},{"x":13,"y":8}]},{"unitActions":["MOVE","PICK_UP","MOVE","MOVE"],"unitActionTargets":[{"x":2,"y":8},{"x":11,"y":4},{"x":11,"y":10},{"x":12,"y":9}]},{"unitActions":["MOVE","MOVE","PICK_UP",null],"unitActionTargets":[{"x":2,"y":9},{"x":11,"y":5},{"x":11,"y":10},null]},{"unitActions":["MOVE","MOVE","MOVE","MOVE"],"unitActionTargets":[{"x":3,"y":10},{"x":12,"y":6},{"x":10,"y":10},{"x":11,"y":9}]},{"unitActions":["PICK_UP","MOVE","MOVE","MOVE"],"unitActionTargets":[{"x":3,"y":10},{"x":11,"y":7},{"x":9,"y":10},{"x":10,"y":9}]},{"unitActions":["MOVE","MOVE",null,null],"unitActionTargets":[{"x":4,"y":10},{"x":10,"y":8},null,null]},{"unitActions":["MOVE","MOVE",null,null],"unitActionTargets":[{"x":5,"y":11},{"x":10,"y":9},null,null]},{"unitActions":["SHOOT","MOVE",null,null],"unitActionTargets":[{"x":6,"y":12},{"x":10,"y":9},null,null]},{"unitActions":["MOVE","MOVE","MOVE",null],"unitActionTargets":[{"x":4,"y":10},{"x":9,"y":8},{"x":9,"y":9},null]},{"unitActions":["MOVE","MOVE",null,null],"unitActionTargets":[{"x":5,"y":11},{"x":9,"y":9},null,null]},{"unitActions":["SHOOT","MOVE",null,null],"unitActionTargets":[{"x":6,"y":12},{"x":9,"y":9},null,null]},{"unitActions":["MOVE","MOVE","MOVE",null],"unitActionTargets":[{"x":4,"y":10},{"x":8,"y":7},{"x":9,"y":8},null]},{"unitActions":["MOVE","MOVE",null,null],"unitActionTargets":[{"x":4,"y":11},{"x":9,"y":8},null,null]},{"unitActions":["MOVE","MOVE",null,null],"unitActionTargets":[{"x":3,"y":12},{"x":9,"y":8},null,null]},{"unitActions":["SHOOT","MOVE",null,null],"unitActionTargets":[{"x":2,"y":12},{"x":9,"y":8},null,null]},{"unitActions":["MOVE","MOVE","MOVE","MOVE"],"unitActionTargets":[{"x":4,"y":11},{"x":7,"y":7},{"x":8,"y":7},{"x":9,"y":8}]},{"unitActions":["MOVE","MOVE","MOVE",null],"unitActionTargets":[{"x":3,"y":12},{"x":8,"y":7},{"x":9,"y":8},null]},{"unitActions":["SHOOT","MOVE","MOVE",null],"unitActionTargets":[{"x":2,"y":12},{"x":8,"y":7},{"x":9,"y":8},null]},{"unitActions":["MOVE","MOVE","MOVE","MOVE"],"unitActionTargets":[{"x":4,"y":11},{"x":6,"y":7},{"x":7,"y":7},{"x":8,"y":7}]},{"unitActions":["MOVE","MOVE","MOVE","MOVE"],"unitActionTargets":[{"x":5,"y":11},{"x":7,"y":7},{"x":8,"y":7},{"x":9,"y":8}]},{"unitActions":["MOVE","MOVE","MOVE",null],"unitActionTargets":[{"x":6,"y":10},{"x":8,"y":7},{"x":9,"y":8},null]},{"unitActions":["MOVE","MOVE","MOVE",null],"unitActionTargets":[{"x":7,"y":10},{"x":8,"y":7},{"x":9,"y":8},null]},{"unitActions":["MOVE","MOVE","MOVE",null],"unitActionTargets":[{"x":8,"y":10},{"x":8,"y":7},{"x":9,"y":8},null]},{"unitActions":["MOVE","MOVE","MOVE",null],"unitActionTargets":[{"x":9,"y":11},{"x":8,"y":7},{"x":9,"y":8},null]},{"unitActions":["SHOOT","MOVE","MOVE",null],"unitActionTargets":[{"x":8,"y":12},{"x":8,"y":7},{"x":9,"y":8},null]},{"unitActions":["MOVE","MOVE","MOVE","MOVE"],"unitActionTargets":[{"x":9,"y":10},{"x":6,"y":7},{"x":7,"y":7},{"x":8,"y":7}]},{"unitActions":["MOVE","MOVE","MOVE","MOVE"],"unitActionTargets":[{"x":9,"y":11},{"x":7,"y":7},{"x":8,"y":7},{"x":9,"y":8}]},{"unitActions":["SHOOT","MOVE","MOVE",null],"unitActionTargets":[{"x":8,"y":12},{"x":8,"y":7},{"x":9,"y":8},null]},{"unitActions":["MOVE","MOVE","MOVE","MOVE"],"unitActionTargets":[{"x":9,"y":10},{"x":6,"y":7},{"x":7,"y":7},{"x":8,"y":7}]},{"unitActions":["MOVE","MOVE","MOVE","MOVE"],"unitActionTargets":[{"x":10,"y":11},{"x":7,"y":7},{"x":8,"y":7},{"x":9,"y":8}]},{"unitActions":["MOVE","MOVE","MOVE","MOVE"],"unitActionTargets":[{"x":11,"y":12},{"x":8,"y":7},{"x":9,"y":8},{"x":9,"y":9}]},{"unitActions":["SHOOT","MOVE","MOVE",null],"unitActionTargets":[{"x":12,"y":12},{"x":9,"y":8},{"x":9,"y":9},null]},{"unitActions":["MOVE","MOVE","MOVE","MOVE"],"unitActionTargets":[{"x":10,"y":11},{"x":7,"y":7},{"x":8,"y":7},{"x":9,"y":8}]},{"unitActions":["MOVE","MOVE","MOVE","MOVE"],"unitActionTargets":[{"x":11,"y":12},{"x":8,"y":7},{"x":9,"y":8},{"x":9,"y":9}]}],[{"unitActions":[null,null,null,null],"unitActionTargets":[null,null,null,null]},{"unitActions":[null,null,null,null],"unitActionTargets":[null,null,null,null]},{"unitActions":[null,null,null,null],"unitActionTargets":[null,null,null,null]},{"unitActions":[null,null,null,null],"unitActionTargets":[null,null,null,null]},{"unitActions":[null,null,null,null],"unitActionTargets":[null,null,null,null]},{"unitActions":[null,null,null,null],"unitActionTargets":[null,null,null,null]},{"unitActions":[null,null,null,null],"unitActionTargets":[null,null,null,null]},{"unitActions":[null,null,null,null],"unitActionTargets":[null,null,null,null]},{"unitActions":[null,null,null,null],"unitActionTargets":[null,null,null,null]},{"unitActions":[null,null,null,null],"unitActionTargets":[null,null,null,null]},{"unitActions":[null,null,null,null],"unitActionTargets":[null,null,null,null]},{"unitActions":[null,null,null,null],"unitActionTargets":[null,null,null,null]},{"unitActions":[null,null,null,null],"unitActionTargets":[null,null,null,null]},{"unitActions":[null,null,null,null],"unitActionTargets":[null,null,null,null]},{"unitActions":[null,null,null,null],"unitActionTargets":[null,null,null,null]},{"unitActions":[null,null,null,null],"unitActionTargets":[null,null,null,null]},{"unitActions":[null,null,null,null],"unitActionTargets":[null,null,null,null]},{"unitActions":[null,null,null,null],"unitActionTargets":[null,null,null,null]},{"unitActions":[null,null,null,null],"unitActionTargets":[null,null,null,null]},{"unitActions":[null,null,null,null],"unitActionTargets":[null,null,null,null]},{"unitActions":[null,null,null,null],"unitActionTargets":[null,null,null,null]},{"unitActions":[null,null,null,null],"unitActionTargets":[null,null,null,null]},{"unitActions":[null,null,null,null],"unitActionTargets":[null,null,null,null]},{"unitActions":[null,null,null,null],"unitActionTargets":[null,null,null,null]},{"unitActions":[null,null,null,null],"unitActionTargets":[null,null,null,null]},{"unitActions":[null,null,null,null],"unitActionTargets":[null,null,null,null]},{"unitActions":[null,null,null,null],"unitActionTargets":[null,null,null,null]},{"unitActions":[null,null,null,null],"unitActionTargets":[null,null,null,null]},{"unitActions":[null,null,null,null],"unitActionTargets":[null,null,null,null]},{"unitActions":[null,null,null,null],"unitActionTargets":[null,null,null,null]},{"unitActions":[null,null,null,null],"unitActionTargets":[null,null,null,null]},{"unitActions":[null,null,null,null],"unitActionTargets":[null,null,null,null]},{"unitActions":[null,null,null,null],"unitActionTargets":[null,null,null,null]},{"unitActions":[null,null,null,null],"unitActionTargets":[null,null,null,null]},{"unitActions":[null,null,null,null],"unitActionTargets":[null,null,null,null]},{"unitActions":[null,null,null,null],"unitActionTargets":[null,null,null,null]},{"unitActions":[null,null,null,null],"unitActionTargets":[null,null,null,null]},{"unitActions":[null,null,null,null],"unitActionTargets":[null,null,null,null]},{"unitActions":[null,null,null,null],"unitActionTargets":[null,null,null,null]},{"unitActions":[null,null,null,null],"unitActionTargets":[null,null,null,null]}]],"playerUUIDs":["src","JavaAI"],"playerScoreEvents":[[{"turnNum":0,"scoreEventType":"CONTROL_POINT_CAPTURE","multiplier":1},{"turnNum":0,"scoreEventType":"MAP_TILE_EXPLORED","multiplier":1},{"turnNum":0,"scoreEventType":"MAP_TILE_EXPLORED","multiplier":1},{"turnNum":0,"scoreEventType":"MAP_TILE_EXPLORED","multiplier":1},{"turnNum":0,"scoreEventType":"MAP_TILE_EXPLORED","multiplier":1},{"turnNum":0,"scoreEventType":"CONTROL_POINT_HOLD","multiplier":1},{"turnNum":1,"scoreEventType":"MAP_TILE_EXPLORED","multiplier":1},{"turnNum":1,"scoreEventType":"MAP_TILE_EXPLORED","multiplier":1},{"turnNum":1,"scoreEventType":"MAP_TILE_EXPLORED","multiplier":1},{"turnNum":1,"scoreEventType":"MAP_TILE_EXPLORED","multiplier":1},{"turnNum":1,"scoreEventType":"CONTROL_POINT_NEUTRALIZE","multiplier":1},{"turnNum":1,"scoreEventType":"CONTROL_POINT_HOLD","multiplier":1},{"turnNum":2,"scoreEventType":"MAP_TILE_EXPLORED","multiplier":1},{"turnNum":2,"scoreEventType":"MAP_TILE_EXPLORED","multiplier":1},{"turnNum":2,"scoreEventType":"MAP_TILE_EXPLORED","multiplier":1},{"turnNum":2,"scoreEventType":"CONTROL_POINT_CAPTURE","multiplier":1},{"turnNum":2,"scoreEventType":"CONTROL_POINT_HOLD","multiplier":1},{"turnNum":3,"scoreEventType":"PICK_UP_OBTAINED","multiplier":1},{"turnNum":3,"scoreEventType":"MAP_TILE_EXPLORED","multiplier":1},{"turnNum":3,"scoreEventType":"MAP_TILE_EXPLORED","multiplier":1},{"turnNum":3,"scoreEventType":"CONTROL_POINT_HOLD","multiplier":1},{"turnNum":3,"scoreEventType":"CONTROL_POINT_HOLD","multiplier":1},{"turnNum":3,"scoreEventType":"CONTROL_POINT_CAPTURE","multiplier":1},{"turnNum":4,"scoreEventType":"MAP_TILE_EXPLORED","multiplier":1},{"turnNum":4,"scoreEventType":"MAP_TILE_EXPLORED","multiplier":1},{"turnNum":4,"scoreEventType":"MAP_TILE_EXPLORED","multiplier":1},{"turnNum":4,"scoreEventType":"CONTROL_POINT_HOLD","multiplier":1},{"turnNum":4,"scoreEventType":"CONTROL_POINT_HOLD","multiplier":1},{"turnNum":4,"scoreEventType":"CONTROL_POINT_HOLD","multiplier":1},{"turnNum":5,"scoreEventType":"MAP_TILE_EXPLORED","multiplier":1},{"turnNum":5,"scoreEventType":"MAP_TILE_EXPLORED","multiplier":1},{"turnNum":5,"scoreEventType":"CONTROL_POINT_HOLD","multiplier":1},{"turnNum":5,"scoreEventType":"CONTROL_POINT_HOLD","multiplier":1},{"turnNum":5,"scoreEventType":"CONTROL_POINT_HOLD","multiplier":1},{"turnNum":6,"scoreEventType":"MAP_TILE_EXPLORED","multiplier":1},{"turnNum":6,"scoreEventType":"MAP_TILE_EXPLORED","multiplier":1},{"turnNum":6,"scoreEventType":"MAP_TILE_EXPLORED","multiplier":1},{"turnNum":6,"scoreEventType":"CONTROL_POINT_HOLD","multiplier":1},{"turnNum":6,"scoreEventType":"CONTROL_POINT_HOLD","multiplier":1},{"turnNum":6,"scoreEventType":"CONTROL_POINT_HOLD","multiplier":1},{"turnNum":7,"scoreEventType":"PICK_UP_OBTAINED","multiplier":1},{"turnNum":7,"scoreEventType":"MAP_TILE_EXPLORED","multiplier":1},{"turnNum":7,"scoreEventType":"MAP_TILE_EXPLORED","multiplier":1},{"turnNum":7,"scoreEventType":"CONTROL_POINT_CAPTURE","multiplier":1},{"turnNum":7,"scoreEventType":"CONTROL_POINT_HOLD","multiplier":1},{"turnNum":7,"scoreEventType":"CONTROL_POINT_HOLD","multiplier":1},{"turnNum":7,"scoreEventType":"CONTROL_POINT_HOLD","multiplier":1},{"turnNum":8,"scoreEventType":"PICK_UP_OBTAINED","multiplier":1},{"turnNum":8,"scoreEventType":"MAP_TILE_EXPLORED","multiplier":1},{"turnNum":8,"scoreEventType":"CONTROL_POINT_HOLD","multiplier":1},{"turnNum":8,"scoreEventType":"CONTROL_POINT_HOLD","multiplier":1},{"turnNum":8,"scoreEventType":"CONTROL_POINT_HOLD","multiplier":1},{"turnNum":8,"scoreEventType":"CONTROL_POINT_HOLD","multiplier":1},{"turnNum":9,"scoreEventType":"MAP_TILE_EXPLORED","multiplier":1},{"turnNum":9,"scoreEventType":"MAP_TILE_EXPLORED","multiplier":1},{"turnNum":9,"scoreEventType":"MAP_TILE_EXPLORED","multiplier":1},{"turnNum":9,"scoreEventType":"CONTROL_POINT_HOLD","multiplier":1},{"turnNum":9,"scoreEventType":"CONTROL_POINT_HOLD","multiplier":1},{"turnNum":9,"scoreEventType":"CONTROL_POINT_HOLD","multiplier":1},{"turnNum":9,"scoreEventType":"CONTROL_POINT_HOLD","multiplier":1},{"turnNum":10,"scoreEventType":"PICK_UP_OBTAINED","multiplier":1},{"turnNum":10,"scoreEventType":"MAP_TILE_EXPLORED","multiplier":1},{"turnNum":10,"scoreEventType":"MAP_TILE_EXPLORED","multiplier":1},{"turnNum":10,"scoreEventType":"MAP_TILE_EXPLORED","multiplier":1},{"turnNum":10,"scoreEventType":"CONTROL_POINT_HOLD","multiplier":1},{"turnNum":10,"scoreEventType":"CONTROL_POINT_HOLD","multiplier":1},{"turnNum":10,"scoreEventType":"CONTROL_POINT_HOLD","multiplier":1},{"turnNum":10,"scoreEventType":"CONTROL_POINT_HOLD","multiplier":1},{"turnNum":11,"scoreEventType":"MAP_TILE_EXPLORED","multiplier":1},{"turnNum":11,"scoreEventType":"MAP_TILE_EXPLORED","multiplier":1},{"turnNum":11,"scoreEventType":"CONTROL_POINT_HOLD","multiplier":1},{"turnNum":11,"scoreEventType":"CONTROL_POINT_HOLD","multiplier":1},{"turnNum":11,"scoreEventType":"CONTROL_POINT_HOLD","multiplier":1},{"turnNum":11,"scoreEventType":"CONTROL_POINT_HOLD","multiplier":1},{"turnNum":12,"scoreEventType":"MAP_TILE_EXPLORED","multiplier":1},{"turnNum":12,"scoreEventType":"CONTROL_POINT_HOLD","multiplier":1},{"turnNum":12,"scoreEventType":"CONTROL_POINT_HOLD","multiplier":1},{"turnNum":12,"scoreEventType":"CONTROL_POINT_HOLD","multiplier":1},{"turnNum":12,"scoreEventType":"CONTROL_POINT_HOLD","multiplier":1},{"turnNum":13,"scoreEventType":"ENEMY_UNIT_HIT","multiplier":25},{"turnNum":13,"scoreEventType":"CONTROL_POINT_HOLD","multiplier":1},{"turnNum":13,"scoreEventType":"CONTROL_POINT_HOLD","multiplier":1},{"turnNum":13,"scoreEventType":"CONTROL_POINT_HOLD","multiplier":1},{"turnNum":13,"scoreEventType":"CONTROL_POINT_HOLD","multiplier":1},{"turnNum":14,"scoreEventType":"MAP_TILE_EXPLORED","multiplier":1},{"turnNum":14,"scoreEventType":"MAP_TILE_EXPLORED","multiplier":1},{"turnNum":14,"scoreEventType":"CONTROL_POINT_HOLD","multiplier":1},{"turnNum":14,"scoreEventType":"CONTROL_POINT_HOLD","multiplier":1},{"turnNum":14,"scoreEventType":"CONTROL_POINT_HOLD","multiplier":1},{"turnNum":14,"scoreEventType":"CONTROL_POINT_HOLD","multiplier":1},{"turnNum":15,"scoreEventType":"CONTROL_POINT_HOLD","multiplier":1},{"turnNum":15,"scoreEventType":"CONTROL_POINT_HOLD","multiplier":1},{"turnNum":15,"scoreEventType":"CONTROL_POINT_HOLD","multiplier":1},{"turnNum":15,"scoreEventType":"CONTROL_POINT_HOLD","multiplier":1},{"turnNum":16,"scoreEventType":"ENEMY_UNIT_HIT","multiplier":25},{"turnNum":16,"scoreEventType":"ENEMY_UNIT_KILLED","multiplier":1},{"turnNum":16,"scoreEventType":"CONTROL_POINT_HOLD","multiplier":1},{"turnNum":16,"scoreEventType":"CONTROL_POINT_HOLD","multiplier":1},{"turnNum":16,"scoreEventType":"CONTROL_POINT_HOLD","multiplier":1},{"turnNum":16,"scoreEventType":"CONTROL_POINT_HOLD","multiplier":1},{"turnNum":17,"scoreEventType":"MAP_TILE_EXPLORED","multiplier":1},{"turnNum":17,"scoreEventType":"CONTROL_POINT_HOLD","multiplier":1},{"turnNum":17,"scoreEventType":"CONTROL_POINT_HOLD","multiplier":1},{"turnNum":17,"scoreEventType":"CONTROL_POINT_HOLD","multiplier":1},{"turnNum":17,"scoreEventType":"CONTROL_POINT_HOLD","multiplier":1},{"turnNum":18,"scoreEventType":"MAP_TILE_EXPLORED","multiplier":1},{"turnNum":18,"scoreEventType":"CONTROL_POINT_HOLD","multiplier":1},{"turnNum":18,"scoreEventType":"CONTROL_POINT_HOLD","multiplier":1},{"turnNum":18,"scoreEventType":"CONTROL_POINT_HOLD","multiplier":1},{"turnNum":18,"scoreEventType":"CONTROL_POINT_HOLD","multiplier":1},{"turnNum":19,"scoreEventType":"MAP_TILE_EXPLORED","multiplier":1},{"turnNum":19,"scoreEventType":"CONTROL_POINT_HOLD","multiplier":1},{"turnNum":19,"scoreEventType":"CONTROL_POINT_HOLD","multiplier":1},{"turnNum":19,"scoreEventType":"CONTROL_POINT_HOLD","multiplier":1},{"turnNum":19,"scoreEventType":"CONTROL_POINT_HOLD","multiplier":1},{"turnNum":20,"scoreEventType":"ENEMY_UNIT_HIT","multiplier":25},{"turnNum":20,"scoreEventType":"CONTROL_POINT_HOLD","multiplier":1},{"turnNum":20,"scoreEventType":"CONTROL_POINT_HOLD","multiplier":1},{"turnNum":20,"scoreEventType":"CONTROL_POINT_HOLD","multiplier":1},{"turnNum":20,"scoreEventType":"CONTROL_POINT_HOLD","multiplier":1},{"turnNum":21,"scoreEventType":"MAP_TILE_EXPLORED","multiplier":1},{"turnNum":21,"scoreEventType":"CONTROL_POINT_HOLD","multiplier":1},{"turnNum":21,"scoreEventType":"CONTROL_POINT_HOLD","multiplier":1},{"turnNum":21,"scoreEventType":"CONTROL_POINT_HOLD","multiplier":1},{"turnNum":21,"scoreEventType":"CONTROL_POINT_HOLD","multiplier":1},{"turnNum":22,"scoreEventType":"CONTROL_POINT_HOLD","multiplier":1},{"turnNum":22,"scoreEventType":"CONTROL_POINT_HOLD","multiplier":1},{"turnNum":22,"scoreEventType":"CONTROL_POINT_HOLD","multiplier":1},{"turnNum":22,"scoreEventType":"CONTROL_POINT_HOLD","multiplier":1},{"turnNum":23,"scoreEventType":"ENEMY_UNIT_HIT","multiplier":25},{"turnNum":23,"scoreEventType":"ENEMY_UNIT_KILLED","multiplier":1},{"turnNum":23,"scoreEventType":"CONTROL_POINT_HOLD","multiplier":1},{"turnNum":23,"scoreEventType":"CONTROL_POINT_HOLD","multiplier":1},{"turnNum":23,"scoreEventType":"CONTROL_POINT_HOLD","multiplier":1},{"turnNum":23,"scoreEventType":"CONTROL_POINT_HOLD","multiplier":1},{"turnNum":24,"scoreEventType":"MAP_TILE_EXPLORED","multiplier":1},{"turnNum":24,"scoreEventType":"CONTROL_POINT_HOLD","multiplier":1},{"turnNum":24,"scoreEventType":"CONTROL_POINT_HOLD","multiplier":1},{"turnNum":24,"scoreEventType":"CONTROL_POINT_HOLD","multiplier":1},{"turnNum":24,"scoreEventType":"CONTROL_POINT_HOLD","multiplier":1},{"turnNum":25,"scoreEventType":"CONTROL_POINT_HOLD","multiplier":1},{"turnNum":25,"scoreEventType":"CONTROL_POINT_HOLD","multiplier":1},{"turnNum":25,"scoreEventType":"CONTROL_POINT_HOLD","multiplier":1},{"turnNum":25,"scoreEventType":"CONTROL_POINT_HOLD","multiplier":1},{"turnNum":26,"scoreEventType":"MAP_TILE_EXPLORED","multiplier":1},{"turnNum":26,"scoreEventType":"CONTROL_POINT_HOLD","multiplier":1},{"turnNum":26,"scoreEventType":"CONTROL_POINT_HOLD","multiplier":1},{"turnNum":26,"scoreEventType":"CONTROL_POINT_HOLD","multiplier":1},{"turnNum":26,"scoreEventType":"CONTROL_POINT_HOLD","multiplier":1},{"turnNum":27,"scoreEventType":"MAP_TILE_EXPLORED","multiplier":1},{"turnNum":27,"scoreEventType":"CONTROL_POINT_HOLD","multiplier":1},{"turnNum":27,"scoreEventType":"CONTROL_POINT_HOLD","multiplier":1},{"turnNum":27,"scoreEventType":"CONTROL_POINT_HOLD","multiplier":1},{"turnNum":27,"scoreEventType":"CONTROL_POINT_HOLD","multiplier":1},{"turnNum":28,"scoreEventType":"MAP_TILE_EXPLORED","multiplier":1},{"turnNum":28,"scoreEventType":"CONTROL_POINT_HOLD","multiplier":1},{"turnNum":28,"scoreEventType":"CONTROL_POINT_HOLD","multiplier":1},{"turnNum":28,"scoreEventType":"CONTROL_POINT_HOLD","multiplier":1},{"turnNum":28,"scoreEventType":"CONTROL_POINT_HOLD","multiplier":1},{"turnNum":29,"scoreEventType":"MAP_TILE_EXPLORED","multiplier":1},{"turnNum":29,"scoreEventType":"CONTROL_POINT_HOLD","multiplier":1},{"turnNum":29,"scoreEventType":"CONTROL_POINT_HOLD","multiplier":1},{"turnNum":29,"scoreEventType":"CONTROL_POINT_HOLD","multiplier":1},{"turnNum":29,"scoreEventType":"CONTROL_POINT_HOLD","multiplier":1},{"turnNum":30,"scoreEventType":"ENEMY_UNIT_HIT","multiplier":25},{"turnNum":30,"scoreEventType":"CONTROL_POINT_HOLD","multiplier":1},{"turnNum":30,"scoreEventType":"CONTROL_POINT_HOLD","multiplier":1},{"turnNum":30,"scoreEventType":"CONTROL_POINT_HOLD","multiplier":1},{"turnNum":30,"scoreEventType":"CONTROL_POINT_HOLD","multiplier":1},{"turnNum":31,"scoreEventType":"CONTROL_POINT_HOLD","multiplier":1},{"turnNum":31,"scoreEventType":"CONTROL_POINT_HOLD","multiplier":1},{"turnNum":31,"scoreEventType":"CONTROL_POINT_HOLD","multiplier":1},{"turnNum":31,"scoreEventType":"CONTROL_POINT_HOLD","multiplier":1},{"turnNum":32,"scoreEventType":"CONTROL_POINT_HOLD","multiplier":1},{"turnNum":32,"scoreEventType":"CONTROL_POINT_HOLD","multiplier":1},{"turnNum":32,"scoreEventType":"CONTROL_POINT_HOLD","multiplier":1},{"turnNum":32,"scoreEventType":"CONTROL_POINT_HOLD","multiplier":1},{"turnNum":33,"scoreEventType":"ENEMY_UNIT_HIT","multiplier":25},{"turnNum":33,"scoreEventType":"ENEMY_UNIT_KILLED","multiplier":1},{"turnNum":33,"scoreEventType":"CONTROL_POINT_HOLD","multiplier":1},{"turnNum":33,"scoreEventType":"CONTROL_POINT_HOLD","multiplier":1},{"turnNum":33,"scoreEventType":"CONTROL_POINT_HOLD","multiplier":1},{"turnNum":33,"scoreEventType":"CONTROL_POINT_HOLD","multiplier":1},{"turnNum":34,"scoreEventType":"CONTROL_POINT_HOLD","multiplier":1},{"turnNum":34,"scoreEventType":"CONTROL_POINT_HOLD","multiplier":1},{"turnNum":34,"scoreEventType":"CONTROL_POINT_HOLD","multiplier":1},{"turnNum":34,"scoreEventType":"CONTROL_POINT_HOLD","multiplier":1},{"turnNum":35,"scoreEventType":"MAP_TILE_EXPLORED","multiplier":1},{"turnNum":35,"scoreEventType":"CONTROL_POINT_HOLD","multiplier":1},{"turnNum":35,"scoreEventType":"CONTROL_POINT_HOLD","multiplier":1},{"turnNum":35,"scoreEventType":"CONTROL_POINT_HOLD","multiplier":1},{"turnNum":35,"scoreEventType":"CONTROL_POINT_HOLD","multiplier":1},{"turnNum":36,"scoreEventType":"MAP_TILE_EXPLORED","multiplier":1},{"turnNum":36,"scoreEventType":"CONTROL_POINT_HOLD","multiplier":1},{"turnNum":36,"scoreEventType":"CONTROL_POINT_HOLD","multiplier":1},{"turnNum":36,"scoreEventType":"CONTROL_POINT_HOLD","multiplier":1},{"turnNum":36,"scoreEventType":"CONTROL_POINT_HOLD","multiplier":1},{"turnNum":37,"scoreEventType":"ENEMY_UNIT_HIT","multiplier":25},{"turnNum":37,"scoreEventType":"CONTROL_POINT_HOLD","multiplier":1},{"turnNum":37,"scoreEventType":"CONTROL_POINT_HOLD","multiplier":1},{"turnNum":37,"scoreEventType":"CONTROL_POINT_HOLD","multiplier":1},{"turnNum":37,"scoreEventType":"CONTROL_POINT_HOLD","multiplier":1},{"turnNum":38,"scoreEventType":"CONTROL_POINT_HOLD","multiplier":1},{"turnNum":38,"scoreEventType":"CONTROL_POINT_HOLD","multiplier":1},{"turnNum":38,"scoreEventType":"CONTROL_POINT_HOLD","multiplier":1},{"turnNum":38,"scoreEventType":"CONTROL_POINT_HOLD","multiplier":1},{"turnNum":39,"scoreEventType":"CONTROL_POINT_HOLD","multiplier":1},{"turnNum":39,"scoreEventType":"CONTROL_POINT_HOLD","multiplier":1},{"turnNum":39,"scoreEventType":"CONTROL_POINT_HOLD","multiplier":1},{"turnNum":39,"scoreEventType":"CONTROL_POINT_HOLD","multiplier":1},{"turnNum":40,"scoreEventType":"ENEMY_UNIT_HIT","multiplier":25},{"turnNum":40,"scoreEventType":"ENEMY_UNIT_KILLED","multiplier":1},{"turnNum":40,"scoreEventType":"CONTROL_POINT_HOLD","multiplier":1},{"turnNum":40,"scoreEventType":"CONTROL_POINT_HOLD","multiplier":1},{"turnNum":40,"scoreEventType":"CONTROL_POINT_HOLD","multiplier":1},{"turnNum":40,"scoreEventType":"CONTROL_POINT_HOLD","multiplier":1},{"turnNum":40,"scoreEventType":"SQUAD_ELIMINATION","multiplier":1},{"turnNum":40,"scoreEventType":"GAME_TIME_BONUS_SURVIVOR","multiplier":14400}],[{"turnNum":0,"scoreEventType":"CONTROL_POINT_CAPTURE","multiplier":1},{"turnNum":0,"scoreEventType":"MAP_TILE_EXPLORED","multiplier":1},{"turnNum":0,"scoreEventType":"MAP_TILE_EXPLORED","multiplier":1},{"turnNum":0,"scoreEventType":"MAP_TILE_EXPLORED","multiplier":1},{"turnNum":0,"scoreEventType":"MAP_TILE_EXPLORED","multiplier":1},{"turnNum":0,"scoreEventType":"CONTROL_POINT_HOLD","multiplier":1},{"turnNum":1,"scoreEventType":"CONTROL_POINT_HOLD","multiplier":1},{"turnNum":1,"scoreEventType":"CONTROL_POINT_LOSS","multiplier":1},{"turnNum":40,"scoreEventType":"GAME_TIME_BONUS_DEAD","multiplier":40}]],"gameLength":40,"missedTurns":[0,0]}