{"playerScores":[43690,11500],"moves":[[{"unitActions":[null,"MOVE",null,null],"unitActionTargets":[null,{"x":7,"y":12},null,null]},{"unitActions":["MOVE","MOVE","MOVE",null],"unitActionTargets":[{"x":7,"y":11},{"x":8,"y":11},{"x":7,"y":10},null]},{"unitActions":["MOVE","MOVE","MOVE",null],"unitActionTargets":[{"x":7,"y":10},{"x":8,"y":11},{"x":6,"y":9},null]},{"unitActions":["MOVE","MOVE","MOVE","MOVE"],"unitActionTargets":[{"x":6,"y":9},{"x":8,"y":11},{"x":5,"y":8},{"x":7,"y":10}]},{"unitActions":["MOVE","MOVE","MOVE","MOVE"],"unitActionTargets":[{"x":5,"y":8},{"x":7,"y":10},{"x":4,"y":7},{"x":6,"y":9}]},{"unitActions":["MOVE","MOVE","MOVE","MOVE"],"unitActionTargets":[{"x":4,"y":7},{"x":6,"y":9},{"x":3,"y":6},{"x":5,"y":8}]},{"unitActions":["MOVE","MOVE","MOVE","MOVE"],"unitActionTargets":[{"x":3,"y":6},{"x":5,"y":8},{"x":2,"y":7},{"x":4,"y":7}]},{"unitActions":["MOVE","MOVE","MOVE","MOVE"],"unitActionTargets":[{"x":2,"y":7},{"x":4,"y":7},{"x":2,"y":8},{"x":3,"y":6}]},{"unitActions":["MOVE","MOVE","MOVE","MOVE"],"unitActionTargets":[{"x":2,"y":8},{"x":3,"y":6},{"x":2,"y":9},{"x":2,"y":7}]},{"unitActions":["MOVE","MOVE","MOVE","MOVE"],"unitActionTargets":[{"x":2,"y":9},{"x":2,"y":7},{"x":2,"y":10},{"x":2,"y":8}]},{"unitActions":["MOVE","MOVE","MOVE","MOVE"],"unitActionTargets":[{"x":2,"y":10},{"x":2,"y":8},{"x":2,"y":11},{"x":2,"y":9}]},{"unitActions":["MOVE","MOVE","MOVE","MOVE"],"unitActionTargets":[{"x":2,"y":11},{"x":2,"y":9},{"x":2,"y":12},{"x":2,"y":10}]},{"unitActions":["MOVE","MOVE","MOVE","MOVE"],"unitActionTargets":[{"x":2,"y":12},{"x":2,"y":10},{"x":2,"y":13},{"x":2,"y":11}]},{"unitActions":["MOVE","MOVE","MOVE","MOVE"],"unitActionTargets":[{"x":2,"y":13},{"x":2,"y":11},{"x":3,"y":14},{"x":2,"y":12}]},{"unitActions":["MOVE","MOVE","MOVE","MOVE"],"unitActionTargets":[{"x":3,"y":14},{"x":2,"y":12},{"x":4,"y":14},{"x":2,"y":13}]},{"unitActions":["MOVE","MOVE","MOVE","MOVE"],"unitActionTargets":[{"x":4,"y":14},{"x":2,"y":13},{"x":5,"y":14},{"x":3,"y":14}]},{"unitActions":["MOVE","MOVE","MOVE","MOVE"],"unitActionTargets":[{"x":5,"y":14},{"x":3,"y":14},{"x":6,"y":15},{"x":4,"y":14}]},{"unitActions":["MOVE","MOVE","MOVE","MOVE"],"unitActionTargets":[{"x":6,"y":15},{"x":4,"y":14},{"x":7,"y":16},{"x":5,"y":14}]},{"unitActions":["MOVE","MOVE","MOVE","MOVE"],"unitActionTargets":[{"x":7,"y":16},{"x":5,"y":14},{"x":7,"y":17},{"x":6,"y":15}]},{"unitActions":["MOVE","MOVE","MOVE","MOVE"],"unitActionTargets":[{"x":6,"y":17},{"x":6,"y":15},{"x":8,"y":18},{"x":7,"y":16}]},{"unitActions":["PICK_UP","MOVE","PICK_UP","MOVE"],"unitActionTargets":[{"x":6,"y":17},{"x":7,"y":16},{"x":8,"y":18},{"x":7,"y":17}]},{"unitActions":["MOVE","MOVE","MOVE","MOVE"],"unitActionTargets":[{"x":5,"y":18},{"x":6,"y":17},{"x":7,"y":18},{"x":6,"y":18}]},{"unitActions":["PICK_UP","MOVE","PICK_UP","PICK_UP"],"unitActionTargets":[{"x":5,"y":18},{"x":5,"y":17},{"x":7,"y":18},{"x":6,"y":18}]},{"unitActions":["MOVE","PICK_UP","MOVE","MOVE"],"unitActionTargets":[{"x":4,"y":18},{"x":5,"y":17},{"x":6,"y":18},{"x":5,"y":18}]},{"unitActions":["PICK_UP","MOVE","MOVE",null],"unitActionTargets":[{"x":4,"y":18},{"x":4,"y":17},{"x":5,"y":18},null]},{"unitActions":["MOVE","PICK_UP","MOVE","MOVE"],"unitActionTargets":[{"x":3,"y":18},{"x":4,"y":17},{"x":5,"y":18},{"x":4,"y":18}]},{"unitActions":["PICK_UP","MOVE","MOVE",null],"unitActionTargets":[{"x":3,"y":18},{"x":3,"y":17},{"x":4,"y":18},null]},{"unitActions":["MOVE","PICK_UP","MOVE","MOVE"],"unitActionTargets":[{"x":2,"y":18},{"x":3,"y":17},{"x":4,"y":18},{"x":3,"y":18}]},{"unitActions":["PICK_UP","MOVE","MOVE",null],"unitActionTargets":[{"x":2,"y":18},{"x":2,"y":17},{"x":3,"y":18},null]},{"unitActions":["MOVE","PICK_UP","MOVE","MOVE"],"unitActionTargets":[{"x":1,"y":18},{"x":2,"y":17},{"x":3,"y":18},{"x":2,"y":18}]},{"unitActions":["PICK_UP","MOVE","MOVE",null],"unitActionTargets":[{"x":1,"y":18},{"x":1,"y":17},{"x":2,"y":18},null]},{"unitActions":["MOVE","MOVE","MOVE",null],"unitActionTargets":[{"x":1,"y":17},{"x":2,"y":17},{"x":4,"y":18},null]},{"unitActions":["PICK_UP","MOVE","MOVE",null],"unitActionTargets":[{"x":1,"y":17},{"x":3,"y":17},{"x":5,"y":18},null]},{"unitActions":["MOVE","MOVE","MOVE","MOVE"],"unitActionTargets":[{"x":2,"y":17},{"x":4,"y":17},{"x":6,"y":17},{"x":3,"y":18}]},{"unitActions":["MOVE","MOVE","MOVE","MOVE"],"unitActionTargets":[{"x":3,"y":17},{"x":5,"y":17},{"x":7,"y":16},{"x":4,"y":18}]},{"unitActions":["MOVE","MOVE","MOVE","MOVE"],"unitActionTargets":[{"x":4,"y":17},{"x":6,"y":17},{"x":6,"y":15},{"x":5,"y":18}]},{"unitActions":["MOVE","MOVE","MOVE","MOVE"],"unitActionTargets":[{"x":5,"y":17},{"x":7,"y":16},{"x":5,"y":15},{"x":6,"y":17}]},{"unitActions":["MOVE","MOVE","MOVE","MOVE"],"unitActionTargets":[{"x":6,"y":17},{"x":6,"y":15},{"x":4,"y":15},{"x":7,"y":16}]},{"unitActions":["MOVE","MOVE","MOVE","MOVE"],"unitActionTargets":[{"x":7,"y":16},{"x":5,"y":15},{"x":3,"y":14},{"x":6,"y":15}]},{"unitActions":["MOVE","MOVE","MOVE","MOVE"],"unitActionTargets":[{"x":6,"y":15},{"x":4,"y":15},{"x":2,"y":13},{"x":5,"y":15}]},{"unitActions":["MOVE","MOVE","MOVE","MOVE"],"unitActionTargets":[{"x":5,"y":15},{"x":3,"y":14},{"x":2,"y":12},{"x":4,"y":15}]},{"unitActions":["MOVE","MOVE","MOVE","MOVE"],"unitActionTargets":[{"x":4,"y":15},{"x":2,"y":13},{"x":2,"y":11},{"x":3,"y":14}]},{"unitActions":["MOVE","MOVE","MOVE","MOVE"],"unitActionTargets":[{"x":3,"y":14},{"x":2,"y":12},{"x":2,"y":10},{"x":2,"y":13}]},{"unitActions":["MOVE","MOVE","MOVE","MOVE"],"unitActionTargets":[{"x":2,"y":13},{"x":2,"y":11},{"x":2,"y":9},{"x":2,"y":12}]},{"unitActions":["MOVE","MOVE","MOVE","MOVE"],"unitActionTargets":[{"x":2,"y":12},{"x":2,"y":10},{"x":2,"y":8},{"x":2,"y":11}]},{"unitActions":["MOVE","MOVE","MOVE","MOVE"],"unitActionTargets":[{"x":2,"y":11},{"x":2,"y":9},{"x":2,"y":7},{"x":2,"y":10}]},{"unitActions":["MOVE","MOVE","MOVE","MOVE"],"unitActionTargets":[{"x":2,"y":10},{"x":2,"y":8},{"x":3,"y":6},{"x":2,"y":9}]},{"unitActions":["MOVE","MOVE","MOVE","MOVE"],"unitActionTargets":[{"x":2,"y":9},{"x":2,"y":7},{"x":4,"y":7},{"x":2,"y":8}]},{"unitActions":["MOVE","MOVE","MOVE","MOVE"],"unitActionTargets":[{"x":2,"y":8},{"x":3,"y":6},{"x":5,"y":8},{"x":2,"y":7}]},{"unitActions":["MOVE","MOVE","MOVE","MOVE"],"unitActionTargets":[{"x":2,"y":7},{"x":4,"y":7},{"x":6,"y":9},{"x":3,"y":6}]},{"unitActions":["MOVE","MOVE","MOVE","MOVE"],"unitActionTargets":[{"x":3,"y":6},{"x":5,"y":8},{"x":7,"y":8},{"x":4,"y":7}]},{"unitActions":["MOVE","MOVE","MOVE","MOVE"],"unitActionTargets":[{"x":4,"y":7},{"x":6,"y":9},{"x":7,"y":7},{"x":5,"y":8}]},{"unitActions":["MOVE","MOVE","MOVE","MOVE"],"unitActionTargets":[{"x":5,"y":8},{"x":7,"y":8},{"x":7,"y":6},{"x":6,"y":9}]},{"unitActions":["MOVE","MOVE","MOVE","MOVE"],"unitActionTargets":[{"x":6,"y":9},{"x":7,"y":7},{"x":7,"y":5},{"x":7,"y":8}]},{"unitActions":["MOVE","MOVE","MOVE","MOVE"],"unitActionTargets":[{"x":7,"y":8},{"x":7,"y":6},{"x":8,"y":4},{"x":7,"y":7}]},{"unitActions":["MOVE","MOVE","MOVE","MOVE"],"unitActionTargets":[{"x":7,"y":7},{"x":7,"y":5},{"x":9,"y":3},{"x":7,"y":6}]},{"unitActions":["MOVE","MOVE","MOVE","MOVE"],"unitActionTargets":[{"x":7,"y":6},{"x":8,"y":4},{"x":10,"y":4},{"x":7,"y":5}]},{"unitActions":["MOVE","MOVE","MOVE","MOVE"],"unitActionTargets":[{"x":7,"y":5},{"x":9,"y":3},{"x":10,"y":5},{"x":8,"y":4}]},{"unitActions":["MOVE","MOVE","MOVE","MOVE"],"unitActionTargets":[{"x":8,"y":4},{"x":10,"y":4},{"x":10,"y":6},{"x":9,"y":3}]},{"unitActions":["MOVE","MOVE","MOVE","MOVE"],"unitActionTargets":[{"x":9,"y":3},{"x":10,"y":5},{"x":10,"y":7},{"x":10,"y":4}]},{"unitActions":["MOVE","MOVE","MOVE","MOVE"],"unitActionTargets":[{"x":10,"y":4},{"x":10,"y":6},{"x":11,"y":8},{"x":10,"y":5}]},{"unitActions":["MOVE","MOVE","MOVE","MOVE"],"unitActionTargets":[{"x":10,"y":5},{"x":10,"y":7},{"x":12,"y":9},{"x":10,"y":6}]},{"unitActions":["MOVE","MOVE","MOVE","MOVE"],"unitActionTargets":[{"x":10,"y":6},{"x":11,"y":8},{"x":13,"y":8},{"x":10,"y":7}]},{"unitActions":["MOVE","MOVE","MOVE","MOVE"],"unitActionTargets":[{"x":10,"y":7},{"x":12,"y":9},{"x":14,"y":7},{"x":11,"y":8}]},{"unitActions":["MOVE","MOVE","MOVE","MOVE"],"unitActionTargets":[{"x":11,"y":8},{"x":13,"y":8},{"x":15,"y":6},{"x":12,"y":9}]},{"unitActions":["MOVE","MOVE","MOVE","MOVE"],"unitActionTargets":[{"x":12,"y":9},{"x":14,"y":7},{"x":16,"y":7},{"x":13,"y":8}]},{"unitActions":["MOVE","MOVE","MOVE","MOVE"],"unitActionTargets":[{"x":13,"y":8},{"x":15,"y":6},{"x":16,"y":8},{"x":14,"y":7}]},{"unitActions":["MOVE","MOVE","MOVE","MOVE"],"unitActionTargets":[{"x":14,"y":7},{"x":16,"y":7},{"x":16,"y":9},{"x":15,"y":6}]},{"unitActions":["MOVE","MOVE","MOVE","MOVE"],"unitActionTargets":[{"x":15,"y":6},{"x":16,"y":8},{"x":16,"y":10},{"x":16,"y":7}]},{"unitActions":["MOVE","MOVE","MOVE","MOVE"],"unitActionTargets":[{"x":16,"y":7},{"x":16,"y":9},{"x":16,"y":11},{"x":16,"y":8}]},{"unitActions":["MOVE","MOVE","MOVE","MOVE"],"unitActionTargets":[{"x":16,"y":8},{"x":16,"y":10},{"x":16,"y":12},{"x":16,"y":9}]},{"unitActions":["MOVE","MOVE","MOVE","MOVE"],"unitActionTargets":[{"x":16,"y":9},{"x":16,"y":11},{"x":16,"y":13},{"x":16,"y":10}]},{"unitActions":["MOVE","MOVE","MOVE","MOVE"],"unitActionTargets":[{"x":16,"y":10},{"x":16,"y":12},{"x":15,"y":14},{"x":16,"y":11}]},{"unitActions":["MOVE","MOVE","MOVE","MOVE"],"unitActionTargets":[{"x":16,"y":11},{"x":16,"y":13},{"x":14,"y":14},{"x":16,"y":12}]},{"unitActions":["MOVE","MOVE","MOVE","MOVE"],"unitActionTargets":[{"x":16,"y":12},{"x":15,"y":14},{"x":13,"y":14},{"x":16,"y":13}]},{"unitActions":["MOVE","MOVE","MOVE","MOVE"],"unitActionTargets":[{"x":16,"y":13},{"x":14,"y":14},{"x":12,"y":15},{"x":15,"y":14}]},{"unitActions":["MOVE","MOVE","MOVE","MOVE"],"unitActionTargets":[{"x":15,"y":14},{"x":13,"y":14},{"x":11,"y":16},{"x":14,"y":14}]},{"unitActions":["MOVE","MOVE","MOVE","MOVE"],"unitActionTargets":[{"x":14,"y":14},{"x":12,"y":15},{"x":12,"y":17},{"x":13,"y":14}]},{"unitActions":["MOVE","MOVE","MOVE","MOVE"],"unitActionTargets":[{"x":13,"y":14},{"x":11,"y":16},{"x":13,"y":17},{"x":12,"y":15}]},{"unitActions":["MOVE","MOVE","MOVE","MOVE"],"unitActionTargets":[{"x":12,"y":15},{"x":11,"y":17},{"x":14,"y":17},{"x":11,"y":16}]},{"unitActions":["MOVE","MOVE","PICK_UP","MOVE"],"unitActionTargets":[{"x":11,"y":16},{"x":10,"y":18},{"x":14,"y":17},{"x":11,"y":17}]},{"unitActions":["MOVE","PICK_UP","MOVE",null],"unitActionTargets":[{"x":12,"y":17},{"x":10,"y":18},{"x":13,"y":17},null]},{"unitActions":["PICK_UP","MOVE","PICK_UP",null],"unitActionTargets":[{"x":12,"y":17},{"x":11,"y":18},{"x":13,"y":17},null]},{"unitActions":["MOVE","MOVE","MOVE",null],"unitActionTargets":[{"x":11,"y":18},{"x":12,"y":18},{"x":12,"y":17},null]},{"unitActions":["PICK_UP","PICK_UP",null,null],"unitActionTargets":[{"x":11,"y":18},{"x":12,"y":18},null,null]},{"unitActions":["MOVE","MOVE",null,"MOVE"],"unitActionTargets":[{"x":12,"y":18},{"x":13,"y":18},null,{"x":12,"y":17}]},{"unitActions":["MOVE","MOVE",null,"MOVE"],"unitActionTargets":[{"x":13,"y":18},{"x":14,"y":18},null,{"x":12,"y":17}]},{"unitActions":["PICK_UP","PICK_UP",null,"MOVE"],"unitActionTargets":[{"x":13,"y":18},{"x":14,"y":18},null,{"x":12,"y":17}]},{"unitActions":["MOVE","MOVE","MOVE","MOVE"],"unitActionTargets":[{"x":14,"y":18},{"x":15,"y":17},{"x":13,"y":17},{"x":12,"y":17}]},{"unitActions":["MOVE","PICK_UP","MOVE","MOVE"],"unitActionTargets":[{"x":15,"y":18},{"x":15,"y":17},{"x":14,"y":17},{"x":13,"y":17}]},{"unitActions":["PICK_UP","MOVE",null,"MOVE"],"unitActionTargets":[{"x":15,"y":18},{"x":16,"y":18},null,{"x":14,"y":17}]},{"unitActions":["MOVE","MOVE","MOVE","MOVE"],"unitActionTargets":[{"x":16,"y":18},{"x":17,"y":18},{"x":15,"y":17},{"x":14,"y":17}]},{"unitActions":["PICK_UP","PICK_UP",null,"MOVE"],"unitActionTargets":[{"x":16,"y":18},{"x":17,"y":18},null,{"x":15,"y":17}]},{"unitActions":["MOVE","MOVE",null,"MOVE"],"unitActionTargets":[{"x":16,"y":17},{"x":17,"y":17},null,{"x":15,"y":17}]},{"unitActions":["PICK_UP","PICK_UP",null,"MOVE"],"unitActionTargets":[{"x":16,"y":17},{"x":17,"y":17},null,{"x":15,"y":17}]},{"unitActions":["MOVE","MOVE","MOVE","MOVE"],"unitActionTargets":[{"x":15,"y":17},{"x":16,"y":17},{"x":14,"y":17},{"x":13,"y":17}]},{"unitActions":["MOVE","MOVE","MOVE","MOVE"],"unitActionTargets":[{"x":14,"y":17},{"x":15,"y":17},{"x":13,"y":17},{"x":12,"y":17}]},{"unitActions":["MOVE","MOVE","MOVE","MOVE"],"unitActionTargets":[{"x":13,"y":17},{"x":14,"y":17},{"x":12,"y":17},{"x":11,"y":16}]},{"unitActions":["MOVE","MOVE","MOVE","MOVE"],"unitActionTargets":[{"x":12,"y":17},{"x":13,"y":17},{"x":11,"y":16},{"x":12,"y":15}]},{"unitActions":["MOVE","MOVE","MOVE","MOVE"],"unitActionTargets":[{"x":11,"y":16},{"x":12,"y":17},{"x":12,"y":15},{"x":13,"y":15}]},{"unitActions":["MOVE","MOVE","MOVE","MOVE"],"unitActionTargets":[{"x":12,"y":15},{"x":11,"y":16},{"x":13,"y":15},{"x":14,"y":15}]},{"unitActions":["MOVE","MOVE","MOVE","MOVE"],"unitActionTargets":[{"x":13,"y":15},{"x":12,"y":15},{"x":14,"y":15},{"x":15,"y":14}]},{"unitActions":["MOVE","MOVE","MOVE","MOVE"],"unitActionTargets":[{"x":14,"y":15},{"x":13,"y":15},{"x":15,"y":14},{"x":16,"y":13}]},{"unitActions":["MOVE","MOVE","MOVE","MOVE"],"unitActionTargets":[{"x":15,"y":14},{"x":14,"y":15},{"x":16,"y":13},{"x":16,"y":12}]},{"unitActions":["MOVE","MOVE","MOVE","MOVE"],"unitActionTargets":[{"x":16,"y":13},{"x":15,"y":14},{"x":16,"y":12},{"x":16,"y":11}]},{"unitActions":["MOVE","MOVE","MOVE","MOVE"],"unitActionTargets":[{"x":16,"y":12},{"x":16,"y":13},{"x":16,"y":11},{"x":16,"y":10}]},{"unitActions":["MOVE","MOVE","MOVE","MOVE"],"unitActionTargets":[{"x":16,"y":11},{"x":16,"y":12},{"x":16,"y":10},{"x":16,"y":9}]},{"unitActions":["MOVE","MOVE","MOVE","MOVE"],"unitActionTargets":[{"x":16,"y":10},{"x":16,"y":11},{"x":16,"y":9},{"x":16,"y":8}]},{"unitActions":["MOVE","MOVE","MOVE","MOVE"],"unitActionTargets":[{"x":16,"y":9},{"x":16,"y":10},{"x":16,"y":8},{"x":16,"y":7}]},{"unitActions":["MOVE","MOVE","MOVE","MOVE"],"unitActionTargets":[{"x":16,"y":8},{"x":16,"y":9},{"x":16,"y":7},{"x":15,"y":6}]},{"unitActions":["MOVE","MOVE","MOVE","MOVE"],"unitActionTargets":[{"x":16,"y":7},{"x":16,"y":8},{"x":15,"y":6},{"x":14,"y":7}]},{"unitActions":["MOVE","MOVE","MOVE","MOVE"],"unitActionTargets":[{"x":15,"y":6},{"x":16,"y":7},{"x":14,"y":7},{"x":13,"y":8}]},{"unitActions":["MOVE","MOVE","MOVE","MOVE"],"unitActionTargets":[{"x":14,"y":7},{"x":15,"y":6},{"x":13,"y":8},{"x":12,"y":9}]},{"unitActions":["MOVE","MOVE","MOVE","MOVE"],"unitActionTargets":[{"x":13,"y":8},{"x":14,"y":7},{"x":12,"y":9},{"x":11,"y":8}]},{"unitActions":["MOVE","MOVE","MOVE","MOVE"],"unitActionTargets":[{"x":12,"y":9},{"x":13,"y":8},{"x":11,"y":8},{"x":11,"y":7}]},{"unitActions":["MOVE","MOVE","MOVE","MOVE"],"unitActionTargets":[{"x":11,"y":8},{"x":12,"y":9},{"x":11,"y":7},{"x":11,"y":6}]},{"unitActions":["MOVE","MOVE","MOVE","MOVE"],"unitActionTargets":[{"x":11,"y":7},{"x":11,"y":8},{"x":11,"y":6},{"x":11,"y":5}]},{"unitActions":["MOVE","MOVE","MOVE","MOVE"],"unitActionTargets":[{"x":11,"y":6},{"x":11,"y":7},{"x":11,"y":5},{"x":11,"y":4}]},{"unitActions":["MOVE","MOVE","MOVE","MOVE"],"unitActionTargets":[{"x":11,"y":5},{"x":11,"y":6},{"x":11,"y":4},{"x":12,"y":3}]},{"unitActions":["MOVE","MOVE","MOVE","MOVE"],"unitActionTargets":[{"x":11,"y":4},{"x":11,"y":5},{"x":12,"y":3},{"x":13,"y":3}]},{"unitActions":["MOVE","MOVE","MOVE","MOVE"],"unitActionTargets":[{"x":12,"y":3},{"x":11,"y":4},{"x":13,"y":3},{"x":14,"y":3}]},{"unitActions":["MOVE","MOVE","MOVE","MOVE"],"unitActionTargets":[{"x":13,"y":3},{"x":12,"y":3},{"x":14,"y":3},{"x":15,"y":3}]},{"unitActions":["MOVE","MOVE","MOVE","MOVE"],"unitActionTargets":[{"x":14,"y":3},{"x":13,"y":3},{"x":15,"y":3},{"x":16,"y":3}]},{"unitActions":["MOVE","MOVE","MOVE","MOVE"],"unitActionTargets":[{"x":15,"y":3},{"x":14,"y":3},{"x":16,"y":3},{"x":17,"y":2}]},{"unitActions":["MOVE","MOVE","MOVE","MOVE"],"unitActionTargets":[{"x":14,"y":3},{"x":13,"y":3},{"x":15,"y":3},{"x":16,"y":2}]},{"unitActions":["MOVE","MOVE","MOVE","MOVE"],"unitActionTargets":[{"x":13,"y":3},{"x":12,"y":3},{"x":14,"y":3},{"x":15,"y":2}]},{"unitActions":["MOVE","MOVE","MOVE","MOVE"],"unitActionTargets":[{"x":12,"y":3},{"x":11,"y":4},{"x":13,"y":3},{"x":14,"y":2}]},{"unitActions":["MOVE","MOVE",null,"MOVE"],"unitActionTargets":[{"x":11,"y":4},{"x":11,"y":5},null,{"x":13,"y":2}]},{"unitActions":["MOVE","MOVE",null,"MOVE"],"unitActionTargets":[{"x":11,"y":5},{"x":11,"y":6},null,{"x":12,"y":3}]},{"unitActions":["MOVE","MOVE",null,"MOVE"],"unitActionTargets":[{"x":11,"y":6},{"x":11,"y":7},null,{"x":11,"y":4}]},{"unitActions":["MOVE","MOVE",null,"MOVE"],"unitActionTargets":[{"x":11,"y":7},{"x":11,"y":8},null,{"x":11,"y":5}]},{"unitActions":["MOVE","MOVE",null,"MOVE"],"unitActionTargets":[{"x":11,"y":8},{"x":11,"y":9},null,{"x":11,"y":6}]},{"unitActions":["MOVE","MOVE",null,"MOVE"],"unitActionTargets":[{"x":11,"y":9},{"x":11,"y":10},null,{"x":11,"y":7}]},{"unitActions":["MOVE","SHOOT",null,"SHOOT"],"unitActionTargets":[{"x":11,"y":10},{"x":11,"y":11},null,{"x":11,"y":11}]},{"unitActions":["MOVE","SHOOT",null,null],"unitActionTargets":[{"x":11,"y":10},{"x":10,"y":11},null,null]},{"unitActions":["MOVE","SHOOT",null,null],"unitActionTargets":[{"x":11,"y":10},{"x":10,"y":11},null,null]},{"unitActions":["MOVE","MOVE","MOVE","MOVE"],"unitActionTargets":[{"x":11,"y":10},{"x":11,"y":11},{"x":12,"y":3},{"x":11,"y":8}]},{"unitActions":["MOVE","SHOOT",null,"SHOOT"],"unitActionTargets":[{"x":11,"y":11},{"x":11,"y":12},null,{"x":11,"y":12}]},{"unitActions":["MOVE","SHOOT",null,null],"unitActionTargets":[{"x":11,"y":11},{"x":10,"y":12},null,null]}],[{"unitActions":[null,null,null,null],"unitActionTargets":[null,null,null,null]},{"unitActions":[null,null,null,null],"unitActionTargets":[null,null,null,null]},{"unitActions":[null,null,null,null],"unitActionTargets":[null,null,null,null]},{"unitActions":[null,null,null,null],"unitActionTargets":[null,null,null,null]},{"unitActions":[null,null,null,null],"unitActionTargets":[null,null,null,null]},{"unitActions":[null,null,null,null],"unitActionTargets":[null,null,null,null]},{"unitActions":[null,null,null,null],"unitActionTargets":[null,null,null,null]},{"unitActions":[null,null,null,null],"unitActionTargets":[null,null,null,null]},{"unitActions":[null,null,null,null],"unitActionTargets":[null,null,null,null]},{"unitActions":[null,null,null,null],"unitActionTargets":[null,null,null,null]},{"unitActions":[null,null,null,null],"unitActionTargets":[null,null,null,null]},{"unitActions":[null,null,null,null],"unitActionTargets":[null,null,null,null]},{"unitActions":[null,null,null,null],"unitActionTargets":[null,null,null,null]},{"unitActions":[null,null,null,null],"unitActionTargets":[null,null,null,null]},{"unitActions":[null,null,null,null],"unitActionTargets":[null,null,null,null]},{"unitActions":[null,null,null,null],"unitActionTargets":[null,null,null,null]},{"unitActions":[null,null,null,null],"unitActionTargets":[null,null,null,null]},{"unitActions":[null,null,null,null],"unitActionTargets":[null,null,null,null]},{"unitActions":[null,null,null,null],"unitActionTargets":[null,null,null,null]},{"unitActions":[null,null,null,null],"unitActionTargets":[null,null,null,null]},{"unitActions":[null,null,null,null],"unitActionTargets":[null,null,null,null]},{"unitActions":[null,null,null,null],"unitActionTargets":[null,null,null,null]},{"unitActions":[null,null,null,null],"unitActionTargets":[null,null,null,null]},{"unitActions":[null,null,null,null],"unitActionTargets":[null,null,null,null]},{"unitActions":[null,null,null,null],"unitActionTargets":[null,null,null,null]},{"unitActions":[null,null,null,null],"unitActionTargets":[null,null,null,null]},{"unitActions":[null,null,null,null],"unitActionTargets":[null,null,null,null]},{"unitActions":[null,null,null,null],"unitActionTargets":[null,null,null,null]},{"unitActions":[null,null,null,null],"unitActionTargets":[null,null,null,null]},{"unitActions":[null,null,null,null],"unitActionTargets":[null,null,null,null]},{"unitActions":[null,null,null,null],"unitActionTargets":[null,null,null,null]},{"unitActions":[null,null,null,null],"unitActionTargets":[null,null,null,null]},{"unitActions":[null,null,null,null],"unitActionTargets":[null,null,null,null]},{"unitActions":[null,null,null,null],"unitActionTargets":[null,null,null,null]},{"unitActions":[null,null,null,null],"unitActionTargets":[null,null,null,null]},{"unitActions":[null,null,null,null],"unitActionTargets":[null,null,null,null]},{"unitActions":[null,null,null,null],"unitActionTargets":[null,null,null,null]},{"unitActions":[null,null,null,null],"unitActionTargets":[null,null,null,null]},{"unitActions":[null,null,null,null],"unitActionTargets":[null,null,null,null]},{"unitActions":[null,null,null,null],"unitActionTargets":[null,null,null,null]},{"unitActions":[null,null,null,null],"unitActionTargets":[null,null,null,null]},{"unitActions":[null,null,null,null],"unitActionTargets":[null,null,null,null]},{"unitActions":[null,null,null,null],"unitActionTargets":[null,null,null,null]},{"unitActions":[null,null,null,null],"unitActionTargets":[null,null,null,null]},{"unitActions":[null,null,null,null],"unitActionTargets":[null,null,null,null]},{"unitActions":[null,null,null,null],"unitActionTargets":[null,null,null,null]},{"unitActions":[null,null,null,null],"unitActionTargets":[null,null,null,null]},{"unitActions":[null,null,null,null],"unitActionTargets":[null,null,null,null]},{"unitActions":[null,null,null,null],"unitActionTargets":[null,null,null,null]},{"unitActions":[null,null,null,null],"unitActionTargets":[null,null,null,null]},{"unitActions":[null,null,null,null],"unitActionTargets":[null,null,null,null]},{"unitActions":[null,null,null,null],"unitActionTargets":[null,null,null,null]},{"unitActions":[null,null,null,null],"unitActionTargets":[null,null,null,null]},{"unitActions":[null,null,null,null],"unitActionTargets":[null,null,null,null]},{"unitActions":[null,null,null,null],"unitActionTargets":[null,null,null,null]},{"unitActions":[null,null,null,null],"unitActionTargets":[null,null,null,null]},{"unitActions":[null,null,null,null],"unitActionTargets":[null,null,null,null]},{"unitActions":[null,null,null,null],"unitActionTargets":[null,null,null,null]},{"unitActions":[null,null,null,null],"unitActionTargets":[null,null,null,null]},{"unitActions":[null,null,null,null],"unitActionTargets":[null,null,null,null]},{"unitActions":[null,null,null,null],"unitActionTargets":[null,null,null,null]},{"unitActions":[null,null,null,null],"unitActionTargets":[null,null,null,null]},{"unitActions":[null,null,null,null],"unitActionTargets":[null,null,null,null]},{"unitActions":[null,null,null,null],"unitActionTargets":[null,null,null,null]},{"unitActions":[null,null,null,null],"unitActionTargets":[null,null,null,null]},{"unitActions":[null,null,null,null],"unitActionTargets":[null,null,null,null]},{"unitActions":[null,null,null,null],"unitActionTargets":[null,null,null,null]},{"unitActions":[null,null,null,null],"unitActionTargets":[null,null,null,null]},{"unitActions":[null,null,null,null],"unitActionTargets":[null,null,null,null]},{"unitActions":[null,null,null,null],"unitActionTargets":[null,null,null,null]},{"unitActions":[null,null,null,null],"unitActionTargets":[null,null,null,null]},{"unitActions":[null,null,null,null],"unitActionTargets":[null,null,null,null]},{"unitActions":[null,null,null,null],"unitActionTargets":[null,null,null,null]},{"unitActions":[null,null,null,null],"unitActionTargets":[null,null,null,null]},{"unitActions":[null,null,null,null],"unitActionTargets":[null,null,null,null]},{"unitActions":[null,null,null,null],"unitActionTargets":[null,null,null,null]},{"unitActions":[null,null,null,null],"unitActionTargets":[null,null,null,null]},{"unitActions":[null,null,null,null],"unitActionTargets":[null,null,null,null]},{"unitActions":[null,null,null,null],"unitActionTargets":[null,null,null,null]},{"unitActions":[null,null,null,null],"unitActionTargets":[null,null,null,null]},{"unitActions":[null,null,null,null],"unitActionTargets":[null,null,null,null]},{"unitActions":[null,null,null,null],"unitActionTargets":[null,null,null,null]},{"unitActions":[null,null,null,null],"unitActionTargets":[null,null,null,null]},{"unitActions":[null,null,null,null],"unitActionTargets":[null,null,null,null]},{"unitActions":[null,null,null,null],"unitActionTargets":[null,null,null,null]},{"unitActions":[null,null,null,null],"unitActionTargets":[null,null,null,null]},{"unitActions":[null,null,null,null],"unitActionTargets":[null,null,null,null]},{"unitActions":[null,null,null,null],"unitActionTargets":[null,null,null,null]},{"unitActions":[null,null,null,null],"unitActionTargets":[null,null,null,null]},{"unitActions":[null,null,null,null],"unitActionTargets":[null,null,null,null]},{"unitActions":[null,null,null,null],"unitActionTargets":[null,null,null,null]},{"unitActions":[null,null,null,null],"unitActionTargets":[null,null,null,null]},{"unitActions":[null,null,null,null],"unitActionTargets":[null,null,null,null]},{"unitActions":[null,null,null,null],"unitActionTargets":[null,null,null,null]},{"unitActions":[null,null,null,null],"unitActionTargets":[null,null,null,null]},{"unitActions":[null,null,null,null],"unitActionTargets":[null,null,null,null]},{"unitActions":[null,null,null,null],"unitActionTargets":[null,null,null,null]},{"unitActions":[null,null,null,null],"unitActionTargets":[null,null,null,null]},{"unitActions":[null,null,null,null],"unitActionTargets":[null,null,null,null]},{"unitActions":[null,null,null,null],"unitActionTargets":[null,null,null,null]},{"unitActions":[null,null,null,null],"unitActionTargets":[null,null,null,null]},{"unitActions":[null,null,null,null],"unitActionTargets":[null,null,null,null]},{"unitActions":[null,null,null,null],"unitActionTargets":[null,null,null,null]},{"unitActions":[null,null,null,null],"unitActionTargets":[null,null,null,null]},{"unitActions":[null,null,null,null],"unitActionTargets":[null,null,null,null]},{"unitActions":[null,null,null,null],"unitActionTargets":[null,null,null,null]},{"unitActions":[null,null,null,null],"unitActionTargets":[null,null,null,null]},{"unitActions":[null,null,null,null],"unitActionTargets":[null,null,null,null]},{"unitActions":[null,null,null,null],"unitActionTargets":[null,null,null,null]},{"unitActions":[null,null,null,null],"unitActionTargets":[null,null,null,null]},{"unitActions":[null,null,null,null],"unitActionTargets":[null,null,null,null]},{"unitActions":[null,null,null,null],"unitActionTargets":[null,null,null,null]},{"unitActions":[null,null,null,null],"unitActionTargets":[null,null,null,null]},{"unitActions":[null,null,null,null],"unitActionTargets":[null,null,null,null]},{"unitActions":[null,null,null,null],"unitActionTargets":[null,null,null,null]},{"unitActions":[null,null,null,null],"unitActionTargets":[null,null,null,null]},{"unitActions":[null,null,null,null],"unitActionTargets":[null,null,null,null]},{"unitActions":[null,null,null,null],"unitActionTargets":[null,null,null,null]},{"unitActions":[null,null,null,null],"unitActionTargets":[null,null,null,null]},{"unitActions":[null,null,null,null],"unitActionTargets":[null,null,null,null]},{"unitActions":[null,null,null,null],"unitActionTargets":[null,null,null,null]},{"unitActions":[null,null,null,null],"unitActionTargets":[null,null,null,null]},{"unitActions":[null,null,null,null],"unitActionTargets":[null,null,null,null]},{"unitActions":[null,null,null,null],"unitActionTargets":[null,null,null,null]},{"unitActions":[null,null,null,null],"unitActionTargets":[null,null,null,null]},{"unitActions":[null,null,null,null],"unitActionTargets":[null,null,null,null]},{"unitActions":[null,null,null,null],"unitActionTargets":[null,null,null,null]},{"unitActions":[null,null,null,null],"unitActionTargets":[null,null,null,null]},{"unitActions":[null,null,null,null],"unitActionTargets":[null,null,null,null]},{"unitActions":[null,null,null,null],"unitActionTargets":[null,null,null,null]},{"unitActions":[null,null,null,null],"unitActionTargets":[null,null,null,null]},{"unitActions":[null,null,null,null],"unitActionTargets":[null,null,null,null]},{"unitActions":[null,null,null,null],"unitActionTargets":[null,null,null,null]},{"unitActions":[null,null,null,null],"unitActionTargets":[null,null,null,null]},{"unitActions":[null,null,null,null],"unitActionTargets":[null,null,null,null]},{"unitActions":[null,null,null,null],"unitActionTargets":[null,null,null,null]},{"unitActions":[null,null,null,null],"unitActionTargets":[null,null,null,null]},{"unitActions":[null,null,null,null],"unitActionTargets":[null,null,null,null]},{"unitActions":[null,null,null,null],"unitActionTargets":[null,null,null,null]}]],"playerUUIDs":["src","Desktop"],"playerScoreEvents":[[{"turnNum":0,"scoreEventType":"CONTROL_POINT_CAPTURE","multiplier":1},{"turnNum":0,"scoreEventType":"MAP_TILE_EXPLORED","multiplier":1},{"turnNum":0,"scoreEventType":"MAP_TILE_EXPLORED","multiplier":1},{"turnNum":0,"scoreEventType":"MAP_TILE_EXPLORED","multiplier":1},{"turnNum":0,"scoreEventType":"CONTROL_POINT_HOLD","multiplier":1},{"turnNum":1,"scoreEventType":"MAP_TILE_EXPLORED","multiplier":1},{"turnNum":1,"scoreEventType":"CONTROL_POINT_HOLD","multiplier":1},{"turnNum":2,"scoreEventType":"MAP_TILE_EXPLORED","multiplier":1},{"turnNum":2,"scoreEventType":"CONTROL_POINT_HOLD","multiplier":1},{"turnNum":3,"scoreEventType":"MAP_TILE_EXPLORED","multiplier":1},{"turnNum":3,"scoreEventType":"CONTROL_POINT_HOLD","multiplier":1},{"turnNum":4,"scoreEventType":"MAP_TILE_EXPLORED","multiplier":1},{"turnNum":4,"scoreEventType":"CONTROL_POINT_HOLD","multiplier":1},{"turnNum":5,"scoreEventType":"MAP_TILE_EXPLORED","multiplier":1},{"turnNum":5,"scoreEventType":"CONTROL_POINT_HOLD","multiplier":1},{"turnNum":6,"scoreEventType":"MAP_TILE_EXPLORED","multiplier":1},{"turnNum":6,"scoreEventType":"CONTROL_POINT_HOLD","multiplier":1},{"turnNum":7,"scoreEventType":"MAP_TILE_EXPLORED","multiplier":1},{"turnNum":7,"scoreEventType":"CONTROL_POINT_HOLD","multiplier":1},{"turnNum":8,"scoreEventType":"MAP_TILE_EXPLORED","multiplier":1},{"turnNum":8,"scoreEventType":"CONTROL_POINT_HOLD","multiplier":1},{"turnNum":9,"scoreEventType":"MAP_TILE_EXPLORED","multiplier":1},{"turnNum":9,"scoreEventType":"CONTROL_POINT_HOLD","multiplier":1},{"turnNum":10,"scoreEventType":"MAP_TILE_EXPLORED","multiplier":1},{"turnNum":10,"scoreEventType":"CONTROL_POINT_HOLD","multiplier":1},{"turnNum":11,"scoreEventType":"MAP_TILE_EXPLORED","multiplier":1},{"turnNum":11,"scoreEventType":"CONTROL_POINT_HOLD","multiplier":1},{"turnNum":12,"scoreEventType":"MAP_TILE_EXPLORED","multiplier":1},{"turnNum":12,"scoreEventType":"CONTROL_POINT_HOLD","multiplier":1},{"turnNum":13,"scoreEventType":"MAP_TILE_EXPLORED","multiplier":1},{"turnNum":13,"scoreEventType":"CONTROL_POINT_HOLD","multiplier":1},{"turnNum":14,"scoreEventType":"MAP_TILE_EXPLORED","multiplier":1},{"turnNum":14,"scoreEventType":"CONTROL_POINT_HOLD","multiplier":1},{"turnNum":15,"scoreEventType":"MAP_TILE_EXPLORED","multiplier":1},{"turnNum":15,"scoreEventType":"CONTROL_POINT_HOLD","multiplier":1},{"turnNum":16,"scoreEventType":"MAP_TILE_EXPLORED","multiplier":1},{"turnNum":16,"scoreEventType":"CONTROL_POINT_HOLD","multiplier":1},{"turnNum":17,"scoreEventType":"MAP_TILE_EXPLORED","multiplier":1},{"turnNum":17,"scoreEventType":"CONTROL_POINT_HOLD","multiplier":1},{"turnNum":18,"scoreEventType":"MAP_TILE_EXPLORED","multiplier":1},{"turnNum":18,"scoreEventType":"CONTROL_POINT_HOLD","multiplier":1},{"turnNum":19,"scoreEventType":"MAP_TILE_EXPLORED","multiplier":1},{"turnNum":19,"scoreEventType":"MAP_TILE_EXPLORED","multiplier":1},{"turnNum":19,"scoreEventType":"CONTROL_POINT_HOLD","multiplier":1},{"turnNum":20,"scoreEventType":"PICK_UP_OBTAINED","multiplier":1},{"turnNum":20,"scoreEventType":"PICK_UP_OBTAINED","multiplier":1},{"turnNum":20,"scoreEventType":"CONTROL_POINT_HOLD","multiplier":1},{"turnNum":21,"scoreEventType":"MAP_TILE_EXPLORED","multiplier":1},{"turnNum":21,"scoreEventType":"MAP_TILE_EXPLORED","multiplier":1},{"turnNum":21,"scoreEventType":"MAP_TILE_EXPLORED","multiplier":1},{"turnNum":21,"scoreEventType":"CONTROL_POINT_HOLD","multiplier":1},{"turnNum":22,"scoreEventType":"PICK_UP_OBTAINED","multiplier":1},{"turnNum":22,"scoreEventType":"PICK_UP_OBTAINED","multiplier":1},{"turnNum":22,"scoreEventType":"PICK_UP_OBTAINED","multiplier":1},{"turnNum":22,"scoreEventType":"MAP_TILE_EXPLORED","multiplier":1},{"turnNum":22,"scoreEventType":"CONTROL_POINT_HOLD","multiplier":1},{"turnNum":23,"scoreEventType":"PICK_UP_OBTAINED","multiplier":1},{"turnNum":23,"scoreEventType":"MAP_TILE_EXPLORED","multiplier":1},{"turnNum":23,"scoreEventType":"CONTROL_POINT_HOLD","multiplier":1},{"turnNum":24,"scoreEventType":"PICK_UP_OBTAINED","multiplier":1},{"turnNum":24,"scoreEventType":"MAP_TILE_EXPLORED","multiplier":1},{"turnNum":24,"scoreEventType":"CONTROL_POINT_HOLD","multiplier":1},{"turnNum":25,"scoreEventType":"PICK_UP_OBTAINED","multiplier":1},{"turnNum":25,"scoreEventType":"MAP_TILE_EXPLORED","multiplier":1},{"turnNum":25,"scoreEventType":"CONTROL_POINT_HOLD","multiplier":1},{"turnNum":26,"scoreEventType":"PICK_UP_OBTAINED","multiplier":1},{"turnNum":26,"scoreEventType":"MAP_TILE_EXPLORED","multiplier":1},{"turnNum":26,"scoreEventType":"CONTROL_POINT_HOLD","multiplier":1},{"turnNum":27,"scoreEventType":"PICK_UP_OBTAINED","multiplier":1},{"turnNum":27,"scoreEventType":"MAP_TILE_EXPLORED","multiplier":1},{"turnNum":27,"scoreEventType":"CONTROL_POINT_HOLD","multiplier":1},{"turnNum":28,"scoreEventType":"PICK_UP_OBTAINED","multiplier":1},{"turnNum":28,"scoreEventType":"MAP_TILE_EXPLORED","multiplier":1},{"turnNum":28,"scoreEventType":"CONTROL_POINT_HOLD","multiplier":1},{"turnNum":29,"scoreEventType":"PICK_UP_OBTAINED","multiplier":1},{"turnNum":29,"scoreEventType":"MAP_TILE_EXPLORED","multiplier":1},{"turnNum":29,"scoreEventType":"CONTROL_POINT_HOLD","multiplier":1},{"turnNum":30,"scoreEventType":"PICK_UP_OBTAINED","multiplier":1},{"turnNum":30,"scoreEventType":"MAP_TILE_EXPLORED","multiplier":1},{"turnNum":30,"scoreEventType":"CONTROL_POINT_HOLD","multiplier":1},{"turnNum":31,"scoreEventType":"CONTROL_POINT_HOLD","multiplier":1},{"turnNum":32,"scoreEventType":"PICK_UP_OBTAINED","multiplier":1},{"turnNum":32,"scoreEventType":"CONTROL_POINT_HOLD","multiplier":1},{"turnNum":33,"scoreEventType":"CONTROL_POINT_HOLD","multiplier":1},{"turnNum":34,"scoreEventType":"CONTROL_POINT_HOLD","multiplier":1},{"turnNum":35,"scoreEventType":"CONTROL_POINT_HOLD","multiplier":1},{"turnNum":36,"scoreEventType":"MAP_TILE_EXPLORED","multiplier":1},{"turnNum":36,"scoreEventType":"CONTROL_POINT_HOLD","multiplier":1},{"turnNum":37,"scoreEventType":"MAP_TILE_EXPLORED","multiplier":1},{"turnNum":37,"scoreEventType":"CONTROL_POINT_HOLD","multiplier":1},{"turnNum":38,"scoreEventType":"CONTROL_POINT_HOLD","multiplier":1},{"turnNum":39,"scoreEventType":"CONTROL_POINT_HOLD","multiplier":1},{"turnNum":40,"scoreEventType":"CONTROL_POINT_HOLD","multiplier":1},{"turnNum":41,"scoreEventType":"CONTROL_POINT_HOLD","multiplier":1},{"turnNum":42,"scoreEventType":"CONTROL_POINT_HOLD","multiplier":1},{"turnNum":43,"scoreEventType":"CONTROL_POINT_HOLD","multiplier":1},{"turnNum":44,"scoreEventType":"CONTROL_POINT_HOLD","multiplier":1},{"turnNum":45,"scoreEventType":"CONTROL_POINT_HOLD","multiplier":1},{"turnNum":46,"scoreEventType":"CONTROL_POINT_HOLD","multiplier":1},{"turnNum":47,"scoreEventType":"CONTROL_POINT_HOLD","multiplier":1},{"turnNum":48,"scoreEventType":"CONTROL_POINT_HOLD","multiplier":1},{"turnNum":49,"scoreEventType":"CONTROL_POINT_HOLD","multiplier":1},{"turnNum":50,"scoreEventType":"MAP_TILE_EXPLORED","multiplier":1},{"turnNum":50,"scoreEventType":"CONTROL_POINT_HOLD","multiplier":1},{"turnNum":51,"scoreEventType":"MAP_TILE_EXPLORED","multiplier":1},{"turnNum":51,"scoreEventType":"CONTROL_POINT_HOLD","multiplier":1},{"turnNum":52,"scoreEventType":"MAP_TILE_EXPLORED","multiplier":1},{"turnNum":52,"scoreEventType":"CONTROL_POINT_HOLD","multiplier":1},{"turnNum":53,"scoreEventType":"MAP_TILE_EXPLORED","multiplier":1},{"turnNum":53,"scoreEventType":"CONTROL_POINT_HOLD","multiplier":1},{"turnNum":54,"scoreEventType":"MAP_TILE_EXPLORED","multiplier":1},{"turnNum":54,"scoreEventType":"CONTROL_POINT_HOLD","multiplier":1},{"turnNum":55,"scoreEventType":"MAP_TILE_EXPLORED","multiplier":1},{"turnNum":55,"scoreEventType":"CONTROL_POINT_HOLD","multiplier":1},{"turnNum":56,"scoreEventType":"MAP_TILE_EXPLORED","multiplier":1},{"turnNum":56,"scoreEventType":"CONTROL_POINT_HOLD","multiplier":1},{"turnNum":57,"scoreEventType":"MAP_TILE_EXPLORED","multiplier":1},{"turnNum":57,"scoreEventType":"CONTROL_POINT_HOLD","multiplier":1},{"turnNum":58,"scoreEventType":"MAP_TILE_EXPLORED","multiplier":1},{"turnNum":58,"scoreEventType":"CONTROL_POINT_HOLD","multiplier":1},{"turnNum":59,"scoreEventType":"MAP_TILE_EXPLORED","multiplier":1},{"turnNum":59,"scoreEventType":"CONTROL_POINT_HOLD","multiplier":1},{"turnNum":60,"scoreEventType":"MAP_TILE_EXPLORED","multiplier":1},{"turnNum":60,"scoreEventType":"CONTROL_POINT_HOLD","multiplier":1},{"turnNum":61,"scoreEventType":"MAP_TILE_EXPLORED","multiplier":1},{"turnNum":61,"scoreEventType":"CONTROL_POINT_HOLD","multiplier":1},{"turnNum":62,"scoreEventType":"MAP_TILE_EXPLORED","multiplier":1},{"turnNum":62,"scoreEventType":"CONTROL_POINT_HOLD","multiplier":1},{"turnNum":63,"scoreEventType":"MAP_TILE_EXPLORED","multiplier":1},{"turnNum":63,"scoreEventType":"CONTROL_POINT_HOLD","multiplier":1},{"turnNum":64,"scoreEventType":"MAP_TILE_EXPLORED","multiplier":1},{"turnNum":64,"scoreEventType":"CONTROL_POINT_HOLD","multiplier":1},{"turnNum":65,"scoreEventType":"MAP_TILE_EXPLORED","multiplier":1},{"turnNum":65,"scoreEventType":"CONTROL_POINT_HOLD","multiplier":1},{"turnNum":66,"scoreEventType":"MAP_TILE_EXPLORED","multiplier":1},{"turnNum":66,"scoreEventType":"CONTROL_POINT_HOLD","multiplier":1},{"turnNum":67,"scoreEventType":"MAP_TILE_EXPLORED","multiplier":1},{"turnNum":67,"scoreEventType":"CONTROL_POINT_HOLD","multiplier":1},{"turnNum":68,"scoreEventType":"MAP_TILE_EXPLORED","multiplier":1},{"turnNum":68,"scoreEventType":"CONTROL_POINT_HOLD","multiplier":1},{"turnNum":69,"scoreEventType":"MAP_TILE_EXPLORED","multiplier":1},{"turnNum":69,"scoreEventType":"CONTROL_POINT_HOLD","multiplier":1},{"turnNum":70,"scoreEventType":"MAP_TILE_EXPLORED","multiplier":1},{"turnNum":70,"scoreEventType":"CONTROL_POINT_HOLD","multiplier":1},{"turnNum":71,"scoreEventType":"MAP_TILE_EXPLORED","multiplier":1},{"turnNum":71,"scoreEventType":"CONTROL_POINT_HOLD","multiplier":1},{"turnNum":72,"scoreEventType":"MAP_TILE_EXPLORED","multiplier":1},{"turnNum":72,"scoreEventType":"CONTROL_POINT_HOLD","multiplier":1},{"turnNum":73,"scoreEventType":"MAP_TILE_EXPLORED","multiplier":1},{"turnNum":73,"scoreEventType":"CONTROL_POINT_HOLD","multiplier":1},{"turnNum":74,"scoreEventType":"MAP_TILE_EXPLORED","multiplier":1},{"turnNum":74,"scoreEventType":"CONTROL_POINT_HOLD","multiplier":1},{"turnNum":75,"scoreEventType":"MAP_TILE_EXPLORED","multiplier":1},{"turnNum":75,"scoreEventType":"CONTROL_POINT_HOLD","multiplier":1},{"turnNum":76,"scoreEventType":"MAP_TILE_EXPLORED","multiplier":1},{"turnNum":76,"scoreEventType":"CONTROL_POINT_HOLD","multiplier":1},{"turnNum":77,"scoreEventType":"MAP_TILE_EXPLORED","multiplier":1},{"turnNum":77,"scoreEventType":"CONTROL_POINT_HOLD","multiplier":1},{"turnNum":78,"scoreEventType":"MAP_TILE_EXPLORED","multiplier":1},{"turnNum":78,"scoreEventType":"CONTROL_POINT_HOLD","multiplier":1},{"turnNum":79,"scoreEventType":"MAP_TILE_EXPLORED","multiplier":1},{"turnNum":79,"scoreEventType":"MAP_TILE_EXPLORED","multiplier":1},{"turnNum":79,"scoreEventType":"CONTROL_POINT_HOLD","multiplier":1},{"turnNum":80,"scoreEventType":"PICK_UP_OBTAINED","multiplier":1},{"turnNum":80,"scoreEventType":"MAP_TILE_EXPLORED","multiplier":1},{"turnNum":80,"scoreEventType":"CONTROL_POINT_HOLD","multiplier":1},{"turnNum":81,"scoreEventType":"PICK_UP_OBTAINED","multiplier":1},{"turnNum":81,"scoreEventType":"CONTROL_POINT_HOLD","multiplier":1},{"turnNum":82,"scoreEventType":"PICK_UP_OBTAINED","multiplier":1},{"turnNum":82,"scoreEventType":"PICK_UP_OBTAINED","multiplier":1},{"turnNum":82,"scoreEventType":"MAP_TILE_EXPLORED","multiplier":1},{"turnNum":82,"scoreEventType":"CONTROL_POINT_HOLD","multiplier":1},{"turnNum":83,"scoreEventType":"MAP_TILE_EXPLORED","multiplier":1},{"turnNum":83,"scoreEventType":"CONTROL_POINT_HOLD","multiplier":1},{"turnNum":84,"scoreEventType":"PICK_UP_OBTAINED","multiplier":1},{"turnNum":84,"scoreEventType":"PICK_UP_OBTAINED","multiplier":1},{"turnNum":84,"scoreEventType":"CONTROL_POINT_HOLD","multiplier":1},{"turnNum":85,"scoreEventType":"MAP_TILE_EXPLORED","multiplier":1},{"turnNum":85,"scoreEventType":"CONTROL_POINT_HOLD","multiplier":1},{"turnNum":86,"scoreEventType":"MAP_TILE_EXPLORED","multiplier":1},{"turnNum":86,"scoreEventType":"CONTROL_POINT_HOLD","multiplier":1},{"turnNum":87,"scoreEventType":"PICK_UP_OBTAINED","multiplier":1},{"turnNum":87,"scoreEventType":"PICK_UP_OBTAINED","multiplier":1},{"turnNum":87,"scoreEventType":"CONTROL_POINT_HOLD","multiplier":1},{"turnNum":88,"scoreEventType":"MAP_TILE_EXPLORED","multiplier":1},{"turnNum":88,"scoreEventType":"CONTROL_POINT_HOLD","multiplier":1},{"turnNum":89,"scoreEventType":"PICK_UP_OBTAINED","multiplier":1},{"turnNum":89,"scoreEventType":"MAP_TILE_EXPLORED","multiplier":1},{"turnNum":89,"scoreEventType":"CONTROL_POINT_HOLD","multiplier":1},{"turnNum":90,"scoreEventType":"PICK_UP_OBTAINED","multiplier":1},{"turnNum":90,"scoreEventType":"MAP_TILE_EXPLORED","multiplier":1},{"turnNum":90,"scoreEventType":"CONTROL_POINT_HOLD","multiplier":1},{"turnNum":91,"scoreEventType":"MAP_TILE_EXPLORED","multiplier":1},{"turnNum":91,"scoreEventType":"CONTROL_POINT_HOLD","multiplier":1},{"turnNum":92,"scoreEventType":"PICK_UP_OBTAINED","multiplier":1},{"turnNum":92,"scoreEventType":"PICK_UP_OBTAINED","multiplier":1},{"turnNum":92,"scoreEventType":"CONTROL_POINT_HOLD","multiplier":1},{"turnNum":93,"scoreEventType":"MAP_TILE_EXPLORED","multiplier":1},{"turnNum":93,"scoreEventType":"MAP_TILE_EXPLORED","multiplier":1},{"turnNum":93,"scoreEventType":"CONTROL_POINT_HOLD","multiplier":1},{"turnNum":94,"scoreEventType":"PICK_UP_OBTAINED","multiplier":1},{"turnNum":94,"scoreEventType":"PICK_UP_OBTAINED","multiplier":1},{"turnNum":94,"scoreEventType":"CONTROL_POINT_HOLD","multiplier":1},{"turnNum":95,"scoreEventType":"CONTROL_POINT_HOLD","multiplier":1},{"turnNum":96,"scoreEventType":"CONTROL_POINT_HOLD","multiplier":1},{"turnNum":97,"scoreEventType":"CONTROL_POINT_HOLD","multiplier":1},{"turnNum":98,"scoreEventType":"CONTROL_POINT_HOLD","multiplier":1},{"turnNum":99,"scoreEventType":"MAP_TILE_EXPLORED","multiplier":1},{"turnNum":99,"scoreEventType":"CONTROL_POINT_HOLD","multiplier":1},{"turnNum":100,"scoreEventType":"MAP_TILE_EXPLORED","multiplier":1},{"turnNum":100,"scoreEventType":"CONTROL_POINT_HOLD","multiplier":1},{"turnNum":101,"scoreEventType":"CONTROL_POINT_HOLD","multiplier":1},{"turnNum":102,"scoreEventType":"CONTROL_POINT_HOLD","multiplier":1},{"turnNum":103,"scoreEventType":"CONTROL_POINT_HOLD","multiplier":1},{"turnNum":104,"scoreEventType":"CONTROL_POINT_HOLD","multiplier":1},{"turnNum":105,"scoreEventType":"CONTROL_POINT_HOLD","multiplier":1},{"turnNum":106,"scoreEventType":"CONTROL_POINT_HOLD","multiplier":1},{"turnNum":107,"scoreEventType":"CONTROL_POINT_HOLD","multiplier":1},{"turnNum":108,"scoreEventType":"CONTROL_POINT_HOLD","multiplier":1},{"turnNum":109,"scoreEventType":"CONTROL_POINT_HOLD","multiplier":1},{"turnNum":110,"scoreEventType":"CONTROL_POINT_HOLD","multiplier":1},{"turnNum":111,"scoreEventType":"CONTROL_POINT_HOLD","multiplier":1},{"turnNum":112,"scoreEventType":"CONTROL_POINT_HOLD","multiplier":1},{"turnNum":113,"scoreEventType":"CONTROL_POINT_HOLD","multiplier":1},{"turnNum":114,"scoreEventType":"MAP_TILE_EXPLORED","multiplier":1},{"turnNum":114,"scoreEventType":"CONTROL_POINT_HOLD","multiplier":1},{"turnNum":115,"scoreEventType":"MAP_TILE_EXPLORED","multiplier":1},{"turnNum":115,"scoreEventType":"CONTROL_POINT_HOLD","multiplier":1},{"turnNum":116,"scoreEventType":"MAP_TILE_EXPLORED","multiplier":1},{"turnNum":116,"scoreEventType":"CONTROL_POINT_HOLD","multiplier":1},{"turnNum":117,"scoreEventType":"MAP_TILE_EXPLORED","multiplier":1},{"turnNum":117,"scoreEventType":"CONTROL_POINT_HOLD","multiplier":1},{"turnNum":118,"scoreEventType":"MAP_TILE_EXPLORED","multiplier":1},{"turnNum":118,"scoreEventType":"CONTROL_POINT_HOLD","multiplier":1},{"turnNum":119,"scoreEventType":"MAP_TILE_EXPLORED","multiplier":1},{"turnNum":119,"scoreEventType":"CONTROL_POINT_HOLD","multiplier":1},{"turnNum":120,"scoreEventType":"MAP_TILE_EXPLORED","multiplier":1},{"turnNum":120,"scoreEventType":"CONTROL_POINT_HOLD","multiplier":1},{"turnNum":121,"scoreEventType":"MAP_TILE_EXPLORED","multiplier":1},{"turnNum":121,"scoreEventType":"CONTROL_POINT_HOLD","multiplier":1},{"turnNum":122,"scoreEventType":"MAP_TILE_EXPLORED","multiplier":1},{"turnNum":122,"scoreEventType":"CONTROL_POINT_HOLD","multiplier":1},{"turnNum":122,"scoreEventType":"CONTROL_POINT_NEUTRALIZE","multiplier":1},{"turnNum":123,"scoreEventType":"MAP_TILE_EXPLORED","multiplier":1},{"turnNum":123,"scoreEventType":"CONTROL_POINT_HOLD","multiplier":1},{"turnNum":123,"scoreEventType":"CONTROL_POINT_CAPTURE","multiplier":1},{"turnNum":124,"scoreEventType":"MAP_TILE_EXPLORED","multiplier":1},{"turnNum":124,"scoreEventType":"CONTROL_POINT_HOLD","multiplier":1},{"turnNum":124,"scoreEventType":"CONTROL_POINT_HOLD","multiplier":1},{"turnNum":125,"scoreEventType":"MAP_TILE_EXPLORED","multiplier":1},{"turnNum":125,"scoreEventType":"CONTROL_POINT_HOLD","multiplier":1},{"turnNum":125,"scoreEventType":"CONTROL_POINT_HOLD","multiplier":1},{"turnNum":126,"scoreEventType":"MAP_TILE_EXPLORED","multiplier":1},{"turnNum":126,"scoreEventType":"CONTROL_POINT_HOLD","multiplier":1},{"turnNum":126,"scoreEventType":"CONTROL_POINT_HOLD","multiplier":1},{"turnNum":127,"scoreEventType":"MAP_TILE_EXPLORED","multiplier":1},{"turnNum":127,"scoreEventType":"CONTROL_POINT_HOLD","multiplier":1},{"turnNum":127,"scoreEventType":"CONTROL_POINT_HOLD","multiplier":1},{"turnNum":128,"scoreEventType":"CONTROL_POINT_HOLD","multiplier":1},{"turnNum":128,"scoreEventType":"CONTROL_POINT_HOLD","multiplier":1},{"turnNum":129,"scoreEventType":"CONTROL_POINT_HOLD","multiplier":1},{"turnNum":129,"scoreEventType":"CONTROL_POINT_HOLD","multiplier":1},{"turnNum":130,"scoreEventType":"CONTROL_POINT_HOLD","multiplier":1},{"turnNum":130,"scoreEventType":"CONTROL_POINT_HOLD","multiplier":1},{"turnNum":131,"scoreEventType":"MAP_TILE_EXPLORED","multiplier":1},{"turnNum":131,"scoreEventType":"CONTROL_POINT_HOLD","multiplier":1},{"turnNum":131,"scoreEventType":"CONTROL_POINT_HOLD","multiplier":1},{"turnNum":132,"scoreEventType":"MAP_TILE_EXPLORED","multiplier":1},{"turnNum":132,"scoreEventType":"CONTROL_POINT_HOLD","multiplier":1},{"turnNum":132,"scoreEventType":"CONTROL_POINT_HOLD","multiplier":1},{"turnNum":133,"scoreEventType":"ENEMY_UNIT_HIT","multiplier":50},{"turnNum":133,"scoreEventType":"ENEMY_UNIT_KILLED","multiplier":1},{"turnNum":133,"scoreEventType":"ENEMY_UNIT_HIT","multiplier":8},{"turnNum":133,"scoreEventType":"CONTROL_POINT_HOLD","multiplier":1},{"turnNum":133,"scoreEventType":"CONTROL_POINT_HOLD","multiplier":1},{"turnNum":134,"scoreEventType":"ENEMY_UNIT_HIT","multiplier":25},{"turnNum":134,"scoreEventType":"CONTROL_POINT_HOLD","multiplier":1},{"turnNum":134,"scoreEventType":"CONTROL_POINT_HOLD","multiplier":1},{"turnNum":135,"scoreEventType":"ENEMY_UNIT_HIT","multiplier":25},{"turnNum":135,"scoreEventType":"ENEMY_UNIT_KILLED","multiplier":1},{"turnNum":135,"scoreEventType":"CONTROL_POINT_HOLD","multiplier":1},{"turnNum":135,"scoreEventType":"CONTROL_POINT_HOLD","multiplier":1},{"turnNum":136,"scoreEventType":"MAP_TILE_EXPLORED","multiplier":1},{"turnNum":136,"scoreEventType":"CONTROL_POINT_HOLD","multiplier":1},{"turnNum":136,"scoreEventType":"CONTROL_POINT_HOLD","multiplier":1},{"turnNum":137,"scoreEventType":"ENEMY_UNIT_HIT","multiplier":50},{"turnNum":137,"scoreEventType":"ENEMY_UNIT_KILLED","multiplier":1},{"turnNum":137,"scoreEventType":"ENEMY_UNIT_HIT","multiplier":8},{"turnNum":137,"scoreEventType":"CONTROL_POINT_HOLD","multiplier":1},{"turnNum":137,"scoreEventType":"CONTROL_POINT_HOLD","multiplier":1},{"turnNum":138,"scoreEventType":"ENEMY_UNIT_HIT","multiplier":25},{"turnNum":138,"scoreEventType":"CONTROL_POINT_HOLD","multiplier":1},{"turnNum":138,"scoreEventType":"CONTROL_POINT_HOLD","multiplier":1},{"turnNum":139,"scoreEventType":"ENEMY_UNIT_HIT","multiplier":25},{"turnNum":139,"scoreEventType":"ENEMY_UNIT_KILLED","multiplier":1},{"turnNum":139,"scoreEventType":"CONTROL_POINT_HOLD","multiplier":1},{"turnNum":139,"scoreEventType":"CONTROL_POINT_HOLD","multiplier":1},{"turnNum":139,"scoreEventType":"SQUAD_ELIMINATION","multiplier":1},{"turnNum":139,"scoreEventType":"GAME_TIME_BONUS_SURVIVOR","multiplier":2209}],[{"turnNum":0,"scoreEventType":"CONTROL_POINT_CAPTURE","multiplier":1},{"turnNum":0,"scoreEventType":"MAP_TILE_EXPLORED","multiplier":1},{"turnNum":0,"scoreEventType":"MAP_TILE_EXPLORED","multiplier":1},{"turnNum":0,"scoreEventType":"MAP_TILE_EXPLORED","multiplier":1},{"turnNum":0,"scoreEventType":"MAP_TILE_EXPLORED","multiplier":1},{"turnNum":0,"scoreEventType":"CONTROL_POINT_HOLD","multiplier":1},{"turnNum":1,"scoreEventType":"CONTROL_POINT_HOLD","multiplier":1},{"turnNum":2,"scoreEventType":"CONTROL_POINT_HOLD","multiplier":1},{"turnNum":3,"scoreEventType":"CONTROL_POINT_HOLD","multiplier":1},{"turnNum":4,"scoreEventType":"CONTROL_POINT_HOLD","multiplier":1},{"turnNum":5,"scoreEventType":"CONTROL_POINT_HOLD","multiplier":1},{"turnNum":6,"scoreEventType":"CONTROL_POINT_HOLD","multiplier":1},{"turnNum":7,"scoreEventType":"CONTROL_POINT_HOLD","multiplier":1},{"turnNum":8,"scoreEventType":"CONTROL_POINT_HOLD","multiplier":1},{"turnNum":9,"scoreEventType":"CONTROL_POINT_HOLD","multiplier":1},{"turnNum":10,"scoreEventType":"CONTROL_POINT_HOLD","multiplier":1},{"turnNum":11,"scoreEventType":"CONTROL_POINT_HOLD","multiplier":1},{"turnNum":12,"scoreEventType":"CONTROL_POINT_HOLD","multiplier":1},{"turnNum":13,"scoreEventType":"CONTROL_POINT_HOLD","multiplier":1},{"turnNum":14,"scoreEventType":"CONTROL_POINT_HOLD","multiplier":1},{"turnNum":15,"scoreEventType":"CONTROL_POINT_HOLD","multiplier":1},{"turnNum":16,"scoreEventType":"CONTROL_POINT_HOLD","multiplier":1},{"turnNum":17,"scoreEventType":"CONTROL_POINT_HOLD","multiplier":1},{"turnNum":18,"scoreEventType":"CONTROL_POINT_HOLD","multiplier":1},{"turnNum":19,"scoreEventType":"CONTROL_POINT_HOLD","multiplier":1},{"turnNum":20,"scoreEventType":"CONTROL_POINT_HOLD","multiplier":1},{"turnNum":21,"scoreEventType":"CONTROL_POINT_HOLD","multiplier":1},{"turnNum":22,"scoreEventType":"CONTROL_POINT_HOLD","multiplier":1},{"turnNum":23,"scoreEventType":"CONTROL_POINT_HOLD","multiplier":1},{"turnNum":24,"scoreEventType":"CONTROL_POINT_HOLD","multiplier":1},{"turnNum":25,"scoreEventType":"CONTROL_POINT_HOLD","multiplier":1},{"turnNum":26,"scoreEventType":"CONTROL_POINT_HOLD","multiplier":1},{"turnNum":27,"scoreEventType":"CONTROL_POINT_HOLD","multiplier":1},{"turnNum":28,"scoreEventType":"CONTROL_POINT_HOLD","multiplier":1},{"turnNum":29,"scoreEventType":"CONTROL_POINT_HOLD","multiplier":1},{"turnNum":30,"scoreEventType":"CONTROL_POINT_HOLD","multiplier":1},{"turnNum":31,"scoreEventType":"CONTROL_POINT_HOLD","multiplier":1},{"turnNum":32,"scoreEventType":"CONTROL_POINT_HOLD","multiplier":1},{"turnNum":33,"scoreEventType":"CONTROL_POINT_HOLD","multiplier":1},{"turnNum":34,"scoreEventType":"CONTROL_POINT_HOLD","multiplier":1},{"turnNum":35,"scoreEventType":"CONTROL_POINT_HOLD","multiplier":1},{"turnNum":36,"scoreEventType":"CONTROL_POINT_HOLD","multiplier":1},{"turnNum":37,"scoreEventType":"CONTROL_POINT_HOLD","multiplier":1},{"turnNum":38,"scoreEventType":"CONTROL_POINT_HOLD","multiplier":1},{"turnNum":39,"scoreEventType":"CONTROL_POINT_HOLD","multiplier":1},{"turnNum":40,"scoreEventType":"CONTROL_POINT_HOLD","multiplier":1},{"turnNum":41,"scoreEventType":"CONTROL_POINT_HOLD","multiplier":1},{"turnNum":42,"scoreEventType":"CONTROL_POINT_HOLD","multiplier":1},{"turnNum":43,"scoreEventType":"CONTROL_POINT_HOLD","multiplier":1},{"turnNum":44,"scoreEventType":"CONTROL_POINT_HOLD","multiplier":1},{"turnNum":45,"scoreEventType":"CONTROL_POINT_HOLD","multiplier":1},{"turnNum":46,"scoreEventType":"CONTROL_POINT_HOLD","multiplier":1},{"turnNum":47,"scoreEventType":"CONTROL_POINT_HOLD","multiplier":1},{"turnNum":48,"scoreEventType":"CONTROL_POINT_HOLD","multiplier":1},{"turnNum":49,"scoreEventType":"CONTROL_POINT_HOLD","multiplier":1},{"turnNum":50,"scoreEventType":"CONTROL_POINT_HOLD","multiplier":1},{"turnNum":51,"scoreEventType":"CONTROL_POINT_HOLD","multiplier":1},{"turnNum":52,"scoreEventType":"CONTROL_POINT_HOLD","multiplier":1},{"turnNum":53,"scoreEventType":"CONTROL_POINT_HOLD","multiplier":1},{"turnNum":54,"scoreEventType":"CONTROL_POINT_HOLD","multiplier":1},{"turnNum":55,"scoreEventType":"CONTROL_POINT_HOLD","multiplier":1},{"turnNum":56,"scoreEventType":"CONTROL_POINT_HOLD","multiplier":1},{"turnNum":57,"scoreEventType":"CONTROL_POINT_HOLD","multiplier":1},{"turnNum":58,"scoreEventType":"CONTROL_POINT_HOLD","multiplier":1},{"turnNum":59,"scoreEventType":"CONTROL_POINT_HOLD","multiplier":1},{"turnNum":60,"scoreEventType":"CONTROL_POINT_HOLD","multiplier":1},{"turnNum":61,"scoreEventType":"CONTROL_POINT_HOLD","multiplier":1},{"turnNum":62,"scoreEventType":"CONTROL_POINT_HOLD","multiplier":1},{"turnNum":63,"scoreEventType":"CONTROL_POINT_HOLD","multiplier":1},{"turnNum":64,"scoreEventType":"CONTROL_POINT_HOLD","multiplier":1},{"turnNum":65,"scoreEventType":"CONTROL_POINT_HOLD","multiplier":1},{"turnNum":66,"scoreEventType":"CONTROL_POINT_HOLD","multiplier":1},{"turnNum":67,"scoreEventType":"CONTROL_POINT_HOLD","multiplier":1},{"turnNum":68,"scoreEventType":"CONTROL_POINT_HOLD","multiplier":1},{"turnNum":69,"scoreEventType":"CONTROL_POINT_HOLD","multiplier":1},{"turnNum":70,"scoreEventType":"CONTROL_POINT_HOLD","multiplier":1},{"turnNum":71,"scoreEventType":"CONTROL_POINT_HOLD","multiplier":1},{"turnNum":72,"scoreEventType":"CONTROL_POINT_HOLD","multiplier":1},{"turnNum":73,"scoreEventType":"CONTROL_POINT_HOLD","multiplier":1},{"turnNum":74,"scoreEventType":"CONTROL_POINT_HOLD","multiplier":1},{"turnNum":75,"scoreEventType":"CONTROL_POINT_HOLD","multiplier":1},{"turnNum":76,"scoreEventType":"CONTROL_POINT_HOLD","multiplier":1},{"turnNum":77,"scoreEventType":"CONTROL_POINT_HOLD","multiplier":1},{"turnNum":78,"scoreEventType":"CONTROL_POINT_HOLD","multiplier":1},{"turnNum":79,"scoreEventType":"CONTROL_POINT_HOLD","multiplier":1},{"turnNum":80,"scoreEventType":"CONTROL_POINT_HOLD","multiplier":1},{"turnNum":81,"scoreEventType":"CONTROL_POINT_HOLD","multiplier":1},{"turnNum":82,"scoreEventType":"CONTROL_POINT_HOLD","multiplier":1},{"turnNum":83,"scoreEventType":"CONTROL_POINT_HOLD","multiplier":1},{"turnNum":84,"scoreEventType":"CONTROL_POINT_HOLD","multiplier":1},{"turnNum":85,"scoreEventType":"CONTROL_POINT_HOLD","multiplier":1},{"turnNum":86,"scoreEventType":"CONTROL_POINT_HOLD","multiplier":1},{"turnNum":87,"scoreEventType":"CONTROL_POINT_HOLD","multiplier":1},{"turnNum":88,"scoreEventType":"CONTROL_POINT_HOLD","multiplier":1},{"turnNum":89,"scoreEventType":"CONTROL_POINT_HOLD","multiplier":1},{"turnNum":90,"scoreEventType":"CONTROL_POINT_HOLD","multiplier":1},{"turnNum":91,"scoreEventType":"CONTROL_POINT_HOLD","multiplier":1},{"turnNum":92,"scoreEventType":"CONTROL_POINT_HOLD","multiplier":1},{"turnNum":93,"scoreEventType":"CONTROL_POINT_HOLD","multiplier":1},{"turnNum":94,"scoreEventType":"CONTROL_POINT_HOLD","multiplier":1},{"turnNum":95,"scoreEventType":"CONTROL_POINT_HOLD","multiplier":1},{"turnNum":96,"scoreEventType":"CONTROL_POINT_HOLD","multiplier":1},{"turnNum":97,"scoreEventType":"CONTROL_POINT_HOLD","multiplier":1},{"turnNum":98,"scoreEventType":"CONTROL_POINT_HOLD","multiplier":1},{"turnNum":99,"scoreEventType":"CONTROL_POINT_HOLD","multiplier":1},{"turnNum":100,"scoreEventType":"CONTROL_POINT_HOLD","multiplier":1},{"turnNum":101,"scoreEventType":"CONTROL_POINT_HOLD","multiplier":1},{"turnNum":102,"scoreEventType":"CONTROL_POINT_HOLD","multiplier":1},{"turnNum":103,"scoreEventType":"CONTROL_POINT_HOLD","multiplier":1},{"turnNum":104,"scoreEventType":"CONTROL_POINT_HOLD","multiplier":1},{"turnNum":105,"scoreEventType":"CONTROL_POINT_HOLD","multiplier":1},{"turnNum":106,"scoreEventType":"CONTROL_POINT_HOLD","multiplier":1},{"turnNum":107,"scoreEventType":"CONTROL_POINT_HOLD","multiplier":1},{"turnNum":108,"scoreEventType":"CONTROL_POINT_HOLD","multiplier":1},{"turnNum":109,"scoreEventType":"CONTROL_POINT_HOLD","multiplier":1},{"turnNum":110,"scoreEventType":"CONTROL_POINT_HOLD","multiplier":1},{"turnNum":111,"scoreEventType":"CONTROL_POINT_HOLD","multiplier":1},{"turnNum":112,"scoreEventType":"CONTROL_POINT_HOLD","multiplier":1},{"turnNum":113,"scoreEventType":"CONTROL_POINT_HOLD","multiplier":1},{"turnNum":114,"scoreEventType":"CONTROL_POINT_HOLD","multiplier":1},{"turnNum":115,"scoreEventType":"CONTROL_POINT_HOLD","multiplier":1},{"turnNum":116,"scoreEventType":"CONTROL_POINT_HOLD","multiplier":1},{"turnNum":117,"scoreEventType":"CONTROL_POINT_HOLD","multiplier":1},{"turnNum":118,"scoreEventType":"CONTROL_POINT_HOLD","multiplier":1},{"turnNum":119,"scoreEventType":"CONTROL_POINT_HOLD","multiplier":1},{"turnNum":120,"scoreEventType":"CONTROL_POINT_HOLD","multiplier":1},{"turnNum":121,"scoreEventType":"CONTROL_POINT_HOLD","multiplier":1},{"turnNum":122,"scoreEventType":"CONTROL_POINT_HOLD","multiplier":1},{"turnNum":122,"scoreEventType":"CONTROL_POINT_LOSS","multiplier":1},{"turnNum":139,"scoreEventType":"GAME_TIME_BONUS_DEAD","multiplier":139}]],"gameLength":139,"missedTurns":[0,0]}