{"playerScores":[223555,1680],"moves":[[{"unitActions":[null,"MOVE","MOVE","MOVE"],"unitActionTargets":[null,{"x":5,"y":10},{"x":7,"y":10},{"x":10,"y":10}]},{"unitActions":["MOVE","MOVE","MOVE","MOVE"],"unitActionTargets":[{"x":3,"y":11},{"x":6,"y":11},{"x":8,"y":10},{"x":11,"y":11}]},{"unitActions":["MOVE","MOVE","MOVE","MOVE"],"unitActionTargets":[{"x":3,"y":12},{"x":7,"y":12},{"x":9,"y":10},{"x":12,"y":12}]},{"unitActions":["PICK_UP","PICK_UP","MOVE","MOVE"],"unitActionTargets":[{"x":3,"y":12},{"x":7,"y":12},{"x":10,"y":10},{"x":13,"y":12}]},{"unitActions":["MOVE","MOVE","MOVE","PICK_UP"],"unitActionTargets":[{"x":2,"y":12},{"x":8,"y":12},{"x":9,"y":9},{"x":13,"y":12}]},{"unitActions":["MOVE","MOVE","MOVE","MOVE"],"unitActionTargets":[{"x":1,"y":12},{"x":9,"y":12},{"x":9,"y":8},{"x":12,"y":12}]},{"unitActions":["PICK_UP","MOVE","MOVE","MOVE"],"unitActionTargets":[{"x":1,"y":12},{"x":10,"y":12},{"x":8,"y":7},{"x":11,"y":11}]},{"unitActions":["MOVE","MOVE","PICK_UP","MOVE"],"unitActionTargets":[{"x":2,"y":12},{"x":11,"y":12},{"x":8,"y":7},{"x":10,"y":10}]},{"unitActions":["MOVE","PICK_UP","MOVE","MOVE"],"unitActionTargets":[{"x":3,"y":11},{"x":11,"y":12},{"x":7,"y":6},{"x":9,"y":9}]},{"unitActions":["MOVE","MOVE","MOVE","MOVE"],"unitActionTargets":[{"x":2,"y":10},{"x":11,"y":11},{"x":6,"y":7},{"x":9,"y":8}]},{"unitActions":["MOVE","MOVE","PICK_UP","MOVE"],"unitActionTargets":[{"x":1,"y":9},{"x":12,"y":10},{"x":6,"y":7},{"x":8,"y":7}]},{"unitActions":["PICK_UP","MOVE","MOVE","MOVE"],"unitActionTargets":[{"x":1,"y":9},{"x":13,"y":9},{"x":6,"y":6},{"x":7,"y":6}]},{"unitActions":["MOVE","MOVE","MOVE","MOVE"],"unitActionTargets":[{"x":1,"y":8},{"x":12,"y":8},{"x":5,"y":5},{"x":6,"y":6}]},{"unitActions":["MOVE","PICK_UP","MOVE","MOVE"],"unitActionTargets":[{"x":2,"y":7},{"x":12,"y":8},{"x":4,"y":4},{"x":5,"y":5}]},{"unitActions":["MOVE","MOVE","MOVE","MOVE"],"unitActionTargets":[{"x":2,"y":6},{"x":12,"y":7},{"x":3,"y":3},{"x":4,"y":4}]},{"unitActions":["PICK_UP","MOVE","MOVE","MOVE"],"unitActionTargets":[{"x":2,"y":6},{"x":12,"y":6},{"x":3,"y":2},{"x":3,"y":3}]},{"unitActions":["MOVE","MOVE","PICK_UP",null],"unitActionTargets":[{"x":1,"y":5},{"x":13,"y":5},{"x":3,"y":2},null]},{"unitActions":["MOVE","PICK_UP","MOVE","MOVE"],"unitActionTargets":[{"x":2,"y":4},{"x":13,"y":5},{"x":4,"y":2},{"x":4,"y":4}]},{"unitActions":["MOVE","MOVE","MOVE","MOVE"],"unitActionTargets":[{"x":3,"y":3},{"x":12,"y":4},{"x":5,"y":2},{"x":5,"y":4}]},{"unitActions":["MOVE","MOVE","MOVE","MOVE"],"unitActionTargets":[{"x":2,"y":2},{"x":11,"y":3},{"x":6,"y":2},{"x":6,"y":3}]},{"unitActions":["MOVE","MOVE","MOVE",null],"unitActionTargets":[{"x":1,"y":2},{"x":11,"y":2},{"x":7,"y":2},null]},{"unitActions":["PICK_UP","PICK_UP","PICK_UP",null],"unitActionTargets":[{"x":1,"y":2},{"x":11,"y":2},{"x":7,"y":2},null]},{"unitActions":["MOVE","MOVE","MOVE","MOVE"],"unitActionTargets":[{"x":2,"y":2},{"x":12,"y":2},{"x":8,"y":2},{"x":7,"y":4}]},{"unitActions":["MOVE","MOVE","MOVE","MOVE"],"unitActionTargets":[{"x":3,"y":2},{"x":13,"y":2},{"x":9,"y":2},{"x":8,"y":4}]},{"unitActions":["MOVE","PICK_UP","MOVE","MOVE"],"unitActionTargets":[{"x":4,"y":2},{"x":13,"y":2},{"x":10,"y":2},{"x":8,"y":4}]},{"unitActions":["MOVE","MOVE","MOVE","MOVE"],"unitActionTargets":[{"x":3,"y":3},{"x":12,"y":2},{"x":11,"y":3},{"x":8,"y":4}]},{"unitActions":["MOVE","MOVE","MOVE","MOVE"],"unitActionTargets":[{"x":2,"y":4},{"x":11,"y":3},{"x":10,"y":4},{"x":8,"y":4}]},{"unitActions":["MOVE","MOVE","MOVE","MOVE"],"unitActionTargets":[{"x":1,"y":5},{"x":10,"y":4},{"x":9,"y":5},{"x":8,"y":4}]},{"unitActions":["MOVE","MOVE","MOVE","MOVE"],"unitActionTargets":[{"x":1,"y":6},{"x":9,"y":5},{"x":9,"y":6},{"x":8,"y":4}]},{"unitActions":["MOVE","MOVE","MOVE","MOVE"],"unitActionTargets":[{"x":2,"y":7},{"x":9,"y":6},{"x":8,"y":7},{"x":8,"y":4}]},{"unitActions":["MOVE","MOVE","MOVE","MOVE"],"unitActionTargets":[{"x":2,"y":8},{"x":8,"y":7},{"x":8,"y":8},{"x":8,"y":4}]},{"unitActions":["MOVE","MOVE","MOVE","MOVE"],"unitActionTargets":[{"x":1,"y":9},{"x":8,"y":8},{"x":9,"y":9},{"x":8,"y":4}]},{"unitActions":["MOVE","MOVE","MOVE","MOVE"],"unitActionTargets":[{"x":2,"y":10},{"x":9,"y":9},{"x":10,"y":10},{"x":8,"y":4}]},{"unitActions":["MOVE","MOVE","MOVE","MOVE"],"unitActionTargets":[{"x":3,"y":11},{"x":10,"y":10},{"x":11,"y":11},{"x":8,"y":4}]},{"unitActions":["MOVE","MOVE","MOVE","MOVE"],"unitActionTargets":[{"x":4,"y":12},{"x":11,"y":11},{"x":11,"y":12},{"x":8,"y":4}]},{"unitActions":["MOVE","MOVE","MOVE","SHOOT"],"unitActionTargets":[{"x":3,"y":11},{"x":10,"y":10},{"x":11,"y":11},{"x":8,"y":4}]},{"unitActions":["MOVE","MOVE","MOVE","SHOOT"],"unitActionTargets":[{"x":4,"y":10},{"x":9,"y":9},{"x":10,"y":10},{"x":8,"y":4}]},{"unitActions":["MOVE","MOVE","MOVE","SHOOT"],"unitActionTargets":[{"x":5,"y":9},{"x":9,"y":8},{"x":9,"y":9},{"x":8,"y":4}]},{"unitActions":["MOVE","MOVE","MOVE","SHOOT"],"unitActionTargets":[{"x":5,"y":8},{"x":8,"y":7},{"x":9,"y":8},{"x":8,"y":4}]},{"unitActions":["MOVE","MOVE","MOVE","SHOOT"],"unitActionTargets":[{"x":6,"y":7},{"x":8,"y":6},{"x":8,"y":7},{"x":6,"y":4}]},{"unitActions":[null,null,null,"SHOOT"],"unitActionTargets":[null,null,null,{"x":6,"y":4}]},{"unitActions":[null,null,null,"SHOOT"],"unitActionTargets":[null,null,null,{"x":6,"y":4}]},{"unitActions":[null,null,null,"SHOOT"],"unitActionTargets":[null,null,null,{"x":6,"y":4}]},{"unitActions":["MOVE",null,null,"MOVE"],"unitActionTargets":[{"x":6,"y":6},null,null,{"x":8,"y":4}]},{"unitActions":[null,null,null,"SHOOT"],"unitActionTargets":[null,null,null,{"x":11,"y":4}]},{"unitActions":[null,null,null,"SHOOT"],"unitActionTargets":[null,null,null,{"x":11,"y":4}]},{"unitActions":[null,null,null,"SHOOT"],"unitActionTargets":[null,null,null,{"x":11,"y":4}]},{"unitActions":[null,null,null,"SHOOT"],"unitActionTargets":[null,null,null,{"x":11,"y":4}]},{"unitActions":[null,"MOVE",null,"MOVE"],"unitActionTargets":[null,{"x":7,"y":6},null,{"x":7,"y":4}]},{"unitActions":[null,"MOVE","MOVE","MOVE"],"unitActionTargets":[null,{"x":6,"y":6},{"x":7,"y":6},{"x":6,"y":4}]},{"unitActions":[null,"MOVE","MOVE","SHOOT"],"unitActionTargets":[null,{"x":6,"y":6},{"x":7,"y":6},{"x":3,"y":4}]},{"unitActions":[null,"MOVE","MOVE","SHOOT"],"unitActionTargets":[null,{"x":6,"y":6},{"x":7,"y":6},{"x":3,"y":4}]},{"unitActions":[null,"MOVE","MOVE","SHOOT"],"unitActionTargets":[null,{"x":6,"y":6},{"x":7,"y":6},{"x":3,"y":4}]}],[{"unitActions":[null,null,null,null],"unitActionTargets":[null,null,null,null]},{"unitActions":[null,null,null,null],"unitActionTargets":[null,null,null,null]},{"unitActions":[null,null,null,null],"unitActionTargets":[null,null,null,null]},{"unitActions":[null,null,null,null],"unitActionTargets":[null,null,null,null]},{"unitActions":[null,null,null,null],"unitActionTargets":[null,null,null,null]},{"unitActions":[null,null,null,null],"unitActionTargets":[null,null,null,null]},{"unitActions":[null,null,null,null],"unitActionTargets":[null,null,null,null]},{"unitActions":[null,null,null,null],"unitActionTargets":[null,null,null,null]},{"unitActions":[null,null,null,null],"unitActionTargets":[null,null,null,null]},{"unitActions":[null,null,null,null],"unitActionTargets":[null,null,null,null]},{"unitActions":[null,null,null,null],"unitActionTargets":[null,null,null,null]},{"unitActions":[null,null,null,null],"unitActionTargets":[null,null,null,null]},{"unitActions":[null,null,null,null],"unitActionTargets":[null,null,null,null]},{"unitActions":[null,null,null,null],"unitActionTargets":[null,null,null,null]},{"unitActions":[null,null,null,null],"unitActionTargets":[null,null,null,null]},{"unitActions":[null,null,null,null],"unitActionTargets":[null,null,null,null]},{"unitActions":[null,null,null,null],"unitActionTargets":[null,null,null,null]},{"unitActions":[null,null,null,null],"unitActionTargets":[null,null,null,null]},{"unitActions":[null,null,null,null],"unitActionTargets":[null,null,null,null]},{"unitActions":[null,null,null,null],"unitActionTargets":[null,null,null,null]},{"unitActions":[null,null,null,null],"unitActionTargets":[null,null,null,null]},{"unitActions":[null,null,null,null],"unitActionTargets":[null,null,null,null]},{"unitActions":[null,null,null,null],"unitActionTargets":[null,null,null,null]},{"unitActions":[null,null,null,null],"unitActionTargets":[null,null,null,null]},{"unitActions":[null,null,null,null],"unitActionTargets":[null,null,null,null]},{"unitActions":[null,null,null,null],"unitActionTargets":[null,null,null,null]},{"unitActions":[null,null,null,null],"unitActionTargets":[null,null,null,null]},{"unitActions":[null,null,null,null],"unitActionTargets":[null,null,null,null]},{"unitActions":[null,null,null,null],"unitActionTargets":[null,null,null,null]},{"unitActions":[null,null,null,null],"unitActionTargets":[null,null,null,null]},{"unitActions":[null,null,null,null],"unitActionTargets":[null,null,null,null]},{"unitActions":[null,null,null,null],"unitActionTargets":[null,null,null,null]},{"unitActions":[null,null,null,null],"unitActionTargets":[null,null,null,null]},{"unitActions":[null,null,null,null],"unitActionTargets":[null,null,null,null]},{"unitActions":[null,null,null,null],"unitActionTargets":[null,null,null,null]},{"unitActions":[null,null,null,null],"unitActionTargets":[null,null,null,null]},{"unitActions":[null,null,null,null],"unitActionTargets":[null,null,null,null]},{"unitActions":[null,null,null,null],"unitActionTargets":[null,null,null,null]},{"unitActions":[null,null,null,null],"unitActionTargets":[null,null,null,null]},{"unitActions":[null,null,null,null],"unitActionTargets":[null,null,null,null]},{"unitActions":[null,null,null,null],"unitActionTargets":[null,null,null,null]},{"unitActions":[null,null,null,null],"unitActionTargets":[null,null,null,null]},{"unitActions":[null,null,null,null],"unitActionTargets":[null,null,null,null]},{"unitActions":[null,null,null,null],"unitActionTargets":[null,null,null,null]},{"unitActions":[null,null,null,null],"unitActionTargets":[null,null,null,null]},{"unitActions":[null,null,null,null],"unitActionTargets":[null,null,null,null]},{"unitActions":[null,null,null,null],"unitActionTargets":[null,null,null,null]},{"unitActions":[null,null,null,null],"unitActionTargets":[null,null,null,null]},{"unitActions":[null,null,null,null],"unitActionTargets":[null,null,null,null]},{"unitActions":[null,null,null,null],"unitActionTargets":[null,null,null,null]},{"unitActions":[null,null,null,null],"unitActionTargets":[null,null,null,null]},{"unitActions":[null,null,null,null],"unitActionTargets":[null,null,null,null]},{"unitActions":[null,null,null,null],"unitActionTargets":[null,null,null,null]}]],"playerUUIDs":["src","Desktop"],"playerScoreEvents":[[{"turnNum":0,"scoreEventType":"CONTROL_POINT_CAPTURE","multiplier":1},{"turnNum":0,"scoreEventType":"MAP_TILE_EXPLORED","multiplier":1},{"turnNum":0,"scoreEventType":"MAP_TILE_EXPLORED","multiplier":1},{"turnNum":0,"scoreEventType":"MAP_TILE_EXPLORED","multiplier":1},{"turnNum":0,"scoreEventType":"MAP_TILE_EXPLORED","multiplier":1},{"turnNum":0,"scoreEventType":"CONTROL_POINT_HOLD","multiplier":1},{"turnNum":1,"scoreEventType":"MAP_TILE_EXPLORED","multiplier":1},{"turnNum":1,"scoreEventType":"MAP_TILE_EXPLORED","multiplier":1},{"turnNum":1,"scoreEventType":"MAP_TILE_EXPLORED","multiplier":1},{"turnNum":1,"scoreEventType":"MAP_TILE_EXPLORED","multiplier":1},{"turnNum":1,"scoreEventType":"CONTROL_POINT_HOLD","multiplier":1},{"turnNum":2,"scoreEventType":"MAP_TILE_EXPLORED","multiplier":1},{"turnNum":2,"scoreEventType":"MAP_TILE_EXPLORED","multiplier":1},{"turnNum":2,"scoreEventType":"MAP_TILE_EXPLORED","multiplier":1},{"turnNum":2,"scoreEventType":"MAP_TILE_EXPLORED","multiplier":1},{"turnNum":2,"scoreEventType":"CONTROL_POINT_HOLD","multiplier":1},{"turnNum":2,"scoreEventType":"CONTROL_POINT_CAPTURE","multiplier":1},{"turnNum":2,"scoreEventType":"CONTROL_POINT_CAPTURE","multiplier":1},{"turnNum":2,"scoreEventType":"CONTROL_POINT_CAPTURE","multiplier":1},{"turnNum":3,"scoreEventType":"PICK_UP_OBTAINED","multiplier":1},{"turnNum":3,"scoreEventType":"PICK_UP_OBTAINED","multiplier":1},{"turnNum":3,"scoreEventType":"MAP_TILE_EXPLORED","multiplier":1},{"turnNum":3,"scoreEventType":"CONTROL_POINT_HOLD","multiplier":1},{"turnNum":3,"scoreEventType":"CONTROL_POINT_HOLD","multiplier":1},{"turnNum":3,"scoreEventType":"CONTROL_POINT_HOLD","multiplier":1},{"turnNum":3,"scoreEventType":"CONTROL_POINT_HOLD","multiplier":1},{"turnNum":4,"scoreEventType":"PICK_UP_OBTAINED","multiplier":1},{"turnNum":4,"scoreEventType":"MAP_TILE_EXPLORED","multiplier":1},{"turnNum":4,"scoreEventType":"MAP_TILE_EXPLORED","multiplier":1},{"turnNum":4,"scoreEventType":"MAP_TILE_EXPLORED","multiplier":1},{"turnNum":4,"scoreEventType":"CONTROL_POINT_HOLD","multiplier":1},{"turnNum":4,"scoreEventType":"CONTROL_POINT_HOLD","multiplier":1},{"turnNum":4,"scoreEventType":"CONTROL_POINT_HOLD","multiplier":1},{"turnNum":4,"scoreEventType":"CONTROL_POINT_CAPTURE","multiplier":1},{"turnNum":4,"scoreEventType":"CONTROL_POINT_HOLD","multiplier":1},{"turnNum":5,"scoreEventType":"MAP_TILE_EXPLORED","multiplier":1},{"turnNum":5,"scoreEventType":"MAP_TILE_EXPLORED","multiplier":1},{"turnNum":5,"scoreEventType":"MAP_TILE_EXPLORED","multiplier":1},{"turnNum":5,"scoreEventType":"CONTROL_POINT_HOLD","multiplier":1},{"turnNum":5,"scoreEventType":"CONTROL_POINT_HOLD","multiplier":1},{"turnNum":5,"scoreEventType":"CONTROL_POINT_HOLD","multiplier":1},{"turnNum":5,"scoreEventType":"CONTROL_POINT_HOLD","multiplier":1},{"turnNum":5,"scoreEventType":"CONTROL_POINT_HOLD","multiplier":1},{"turnNum":6,"scoreEventType":"PICK_UP_OBTAINED","multiplier":1},{"turnNum":6,"scoreEventType":"MAP_TILE_EXPLORED","multiplier":1},{"turnNum":6,"scoreEventType":"MAP_TILE_EXPLORED","multiplier":1},{"turnNum":6,"scoreEventType":"CONTROL_POINT_HOLD","multiplier":1},{"turnNum":6,"scoreEventType":"CONTROL_POINT_HOLD","multiplier":1},{"turnNum":6,"scoreEventType":"CONTROL_POINT_HOLD","multiplier":1},{"turnNum":6,"scoreEventType":"CONTROL_POINT_HOLD","multiplier":1},{"turnNum":6,"scoreEventType":"CONTROL_POINT_HOLD","multiplier":1},{"turnNum":7,"scoreEventType":"PICK_UP_OBTAINED","multiplier":1},{"turnNum":7,"scoreEventType":"MAP_TILE_EXPLORED","multiplier":1},{"turnNum":7,"scoreEventType":"CONTROL_POINT_HOLD","multiplier":1},{"turnNum":7,"scoreEventType":"CONTROL_POINT_HOLD","multiplier":1},{"turnNum":7,"scoreEventType":"CONTROL_POINT_HOLD","multiplier":1},{"turnNum":7,"scoreEventType":"CONTROL_POINT_HOLD","multiplier":1},{"turnNum":7,"scoreEventType":"CONTROL_POINT_HOLD","multiplier":1},{"turnNum":8,"scoreEventType":"PICK_UP_OBTAINED","multiplier":1},{"turnNum":8,"scoreEventType":"MAP_TILE_EXPLORED","multiplier":1},{"turnNum":8,"scoreEventType":"CONTROL_POINT_HOLD","multiplier":1},{"turnNum":8,"scoreEventType":"CONTROL_POINT_HOLD","multiplier":1},{"turnNum":8,"scoreEventType":"CONTROL_POINT_HOLD","multiplier":1},{"turnNum":8,"scoreEventType":"CONTROL_POINT_HOLD","multiplier":1},{"turnNum":8,"scoreEventType":"CONTROL_POINT_HOLD","multiplier":1},{"turnNum":9,"scoreEventType":"MAP_TILE_EXPLORED","multiplier":1},{"turnNum":9,"scoreEventType":"MAP_TILE_EXPLORED","multiplier":1},{"turnNum":9,"scoreEventType":"CONTROL_POINT_HOLD","multiplier":1},{"turnNum":9,"scoreEventType":"CONTROL_POINT_HOLD","multiplier":1},{"turnNum":9,"scoreEventType":"CONTROL_POINT_HOLD","multiplier":1},{"turnNum":9,"scoreEventType":"CONTROL_POINT_HOLD","multiplier":1},{"turnNum":9,"scoreEventType":"CONTROL_POINT_HOLD","multiplier":1},{"turnNum":10,"scoreEventType":"PICK_UP_OBTAINED","multiplier":1},{"turnNum":10,"scoreEventType":"MAP_TILE_EXPLORED","multiplier":1},{"turnNum":10,"scoreEventType":"MAP_TILE_EXPLORED","multiplier":1},{"turnNum":10,"scoreEventType":"CONTROL_POINT_HOLD","multiplier":1},{"turnNum":10,"scoreEventType":"CONTROL_POINT_HOLD","multiplier":1},{"turnNum":10,"scoreEventType":"CONTROL_POINT_HOLD","multiplier":1},{"turnNum":10,"scoreEventType":"CONTROL_POINT_HOLD","multiplier":1},{"turnNum":10,"scoreEventType":"CONTROL_POINT_HOLD","multiplier":1},{"turnNum":11,"scoreEventType":"PICK_UP_OBTAINED","multiplier":1},{"turnNum":11,"scoreEventType":"MAP_TILE_EXPLORED","multiplier":1},{"turnNum":11,"scoreEventType":"MAP_TILE_EXPLORED","multiplier":1},{"turnNum":11,"scoreEventType":"CONTROL_POINT_HOLD","multiplier":1},{"turnNum":11,"scoreEventType":"CONTROL_POINT_HOLD","multiplier":1},{"turnNum":11,"scoreEventType":"CONTROL_POINT_HOLD","multiplier":1},{"turnNum":11,"scoreEventType":"CONTROL_POINT_HOLD","multiplier":1},{"turnNum":11,"scoreEventType":"CONTROL_POINT_HOLD","multiplier":1},{"turnNum":12,"scoreEventType":"MAP_TILE_EXPLORED","multiplier":1},{"turnNum":12,"scoreEventType":"MAP_TILE_EXPLORED","multiplier":1},{"turnNum":12,"scoreEventType":"MAP_TILE_EXPLORED","multiplier":1},{"turnNum":12,"scoreEventType":"CONTROL_POINT_HOLD","multiplier":1},{"turnNum":12,"scoreEventType":"CONTROL_POINT_HOLD","multiplier":1},{"turnNum":12,"scoreEventType":"CONTROL_POINT_HOLD","multiplier":1},{"turnNum":12,"scoreEventType":"CONTROL_POINT_HOLD","multiplier":1},{"turnNum":12,"scoreEventType":"CONTROL_POINT_HOLD","multiplier":1},{"turnNum":13,"scoreEventType":"PICK_UP_OBTAINED","multiplier":1},{"turnNum":13,"scoreEventType":"MAP_TILE_EXPLORED","multiplier":1},{"turnNum":13,"scoreEventType":"MAP_TILE_EXPLORED","multiplier":1},{"turnNum":13,"scoreEventType":"CONTROL_POINT_HOLD","multiplier":1},{"turnNum":13,"scoreEventType":"CONTROL_POINT_HOLD","multiplier":1},{"turnNum":13,"scoreEventType":"CONTROL_POINT_HOLD","multiplier":1},{"turnNum":13,"scoreEventType":"CONTROL_POINT_HOLD","multiplier":1},{"turnNum":13,"scoreEventType":"CONTROL_POINT_HOLD","multiplier":1},{"turnNum":14,"scoreEventType":"MAP_TILE_EXPLORED","multiplier":1},{"turnNum":14,"scoreEventType":"MAP_TILE_EXPLORED","multiplier":1},{"turnNum":14,"scoreEventType":"MAP_TILE_EXPLORED","multiplier":1},{"turnNum":14,"scoreEventType":"CONTROL_POINT_HOLD","multiplier":1},{"turnNum":14,"scoreEventType":"CONTROL_POINT_HOLD","multiplier":1},{"turnNum":14,"scoreEventType":"CONTROL_POINT_HOLD","multiplier":1},{"turnNum":14,"scoreEventType":"CONTROL_POINT_HOLD","multiplier":1},{"turnNum":14,"scoreEventType":"CONTROL_POINT_NEUTRALIZE","multiplier":1},{"turnNum":14,"scoreEventType":"CONTROL_POINT_HOLD","multiplier":1},{"turnNum":15,"scoreEventType":"PICK_UP_OBTAINED","multiplier":1},{"turnNum":15,"scoreEventType":"MAP_TILE_EXPLORED","multiplier":1},{"turnNum":15,"scoreEventType":"MAP_TILE_EXPLORED","multiplier":1},{"turnNum":15,"scoreEventType":"CONTROL_POINT_CAPTURE","multiplier":1},{"turnNum":15,"scoreEventType":"CONTROL_POINT_HOLD","multiplier":1},{"turnNum":15,"scoreEventType":"CONTROL_POINT_HOLD","multiplier":1},{"turnNum":15,"scoreEventType":"CONTROL_POINT_HOLD","multiplier":1},{"turnNum":15,"scoreEventType":"CONTROL_POINT_HOLD","multiplier":1},{"turnNum":15,"scoreEventType":"CONTROL_POINT_CAPTURE","multiplier":1},{"turnNum":15,"scoreEventType":"CONTROL_POINT_HOLD","multiplier":1},{"turnNum":16,"scoreEventType":"PICK_UP_OBTAINED","multiplier":1},{"turnNum":16,"scoreEventType":"MAP_TILE_EXPLORED","multiplier":1},{"turnNum":16,"scoreEventType":"MAP_TILE_EXPLORED","multiplier":1},{"turnNum":16,"scoreEventType":"CONTROL_POINT_HOLD","multiplier":1},{"turnNum":16,"scoreEventType":"CONTROL_POINT_HOLD","multiplier":1},{"turnNum":16,"scoreEventType":"CONTROL_POINT_HOLD","multiplier":1},{"turnNum":16,"scoreEventType":"CONTROL_POINT_HOLD","multiplier":1},{"turnNum":16,"scoreEventType":"CONTROL_POINT_HOLD","multiplier":1},{"turnNum":16,"scoreEventType":"CONTROL_POINT_HOLD","multiplier":1},{"turnNum":16,"scoreEventType":"CONTROL_POINT_HOLD","multiplier":1},{"turnNum":17,"scoreEventType":"PICK_UP_OBTAINED","multiplier":1},{"turnNum":17,"scoreEventType":"MAP_TILE_EXPLORED","multiplier":1},{"turnNum":17,"scoreEventType":"MAP_TILE_EXPLORED","multiplier":1},{"turnNum":17,"scoreEventType":"CONTROL_POINT_HOLD","multiplier":1},{"turnNum":17,"scoreEventType":"CONTROL_POINT_HOLD","multiplier":1},{"turnNum":17,"scoreEventType":"CONTROL_POINT_HOLD","multiplier":1},{"turnNum":17,"scoreEventType":"CONTROL_POINT_CAPTURE","multiplier":1},{"turnNum":17,"scoreEventType":"CONTROL_POINT_HOLD","multiplier":1},{"turnNum":17,"scoreEventType":"CONTROL_POINT_HOLD","multiplier":1},{"turnNum":17,"scoreEventType":"CONTROL_POINT_HOLD","multiplier":1},{"turnNum":17,"scoreEventType":"CONTROL_POINT_HOLD","multiplier":1},{"turnNum":18,"scoreEventType":"MAP_TILE_EXPLORED","multiplier":1},{"turnNum":18,"scoreEventType":"MAP_TILE_EXPLORED","multiplier":1},{"turnNum":18,"scoreEventType":"MAP_TILE_EXPLORED","multiplier":1},{"turnNum":18,"scoreEventType":"CONTROL_POINT_HOLD","multiplier":1},{"turnNum":18,"scoreEventType":"CONTROL_POINT_HOLD","multiplier":1},{"turnNum":18,"scoreEventType":"CONTROL_POINT_HOLD","multiplier":1},{"turnNum":18,"scoreEventType":"CONTROL_POINT_HOLD","multiplier":1},{"turnNum":18,"scoreEventType":"CONTROL_POINT_HOLD","multiplier":1},{"turnNum":18,"scoreEventType":"CONTROL_POINT_HOLD","multiplier":1},{"turnNum":18,"scoreEventType":"CONTROL_POINT_HOLD","multiplier":1},{"turnNum":18,"scoreEventType":"CONTROL_POINT_HOLD","multiplier":1},{"turnNum":19,"scoreEventType":"MAP_TILE_EXPLORED","multiplier":1},{"turnNum":19,"scoreEventType":"MAP_TILE_EXPLORED","multiplier":1},{"turnNum":19,"scoreEventType":"MAP_TILE_EXPLORED","multiplier":1},{"turnNum":19,"scoreEventType":"MAP_TILE_EXPLORED","multiplier":1},{"turnNum":19,"scoreEventType":"CONTROL_POINT_HOLD","multiplier":1},{"turnNum":19,"scoreEventType":"CONTROL_POINT_HOLD","multiplier":1},{"turnNum":19,"scoreEventType":"CONTROL_POINT_HOLD","multiplier":1},{"turnNum":19,"scoreEventType":"CONTROL_POINT_HOLD","multiplier":1},{"turnNum":19,"scoreEventType":"CONTROL_POINT_CAPTURE","multiplier":1},{"turnNum":19,"scoreEventType":"CONTROL_POINT_HOLD","multiplier":1},{"turnNum":19,"scoreEventType":"CONTROL_POINT_HOLD","multiplier":1},{"turnNum":19,"scoreEventType":"CONTROL_POINT_HOLD","multiplier":1},{"turnNum":19,"scoreEventType":"CONTROL_POINT_HOLD","multiplier":1},{"turnNum":20,"scoreEventType":"MAP_TILE_EXPLORED","multiplier":1},{"turnNum":20,"scoreEventType":"MAP_TILE_EXPLORED","multiplier":1},{"turnNum":20,"scoreEventType":"MAP_TILE_EXPLORED","multiplier":1},{"turnNum":20,"scoreEventType":"CONTROL_POINT_HOLD","multiplier":1},{"turnNum":20,"scoreEventType":"CONTROL_POINT_HOLD","multiplier":1},{"turnNum":20,"scoreEventType":"CONTROL_POINT_HOLD","multiplier":1},{"turnNum":20,"scoreEventType":"CONTROL_POINT_HOLD","multiplier":1},{"turnNum":20,"scoreEventType":"CONTROL_POINT_HOLD","multiplier":1},{"turnNum":20,"scoreEventType":"CONTROL_POINT_HOLD","multiplier":1},{"turnNum":20,"scoreEventType":"CONTROL_POINT_HOLD","multiplier":1},{"turnNum":20,"scoreEventType":"CONTROL_POINT_CAPTURE","multiplier":1},{"turnNum":20,"scoreEventType":"CONTROL_POINT_HOLD","multiplier":1},{"turnNum":20,"scoreEventType":"CONTROL_POINT_HOLD","multiplier":1},{"turnNum":21,"scoreEventType":"PICK_UP_OBTAINED","multiplier":1},{"turnNum":21,"scoreEventType":"PICK_UP_OBTAINED","multiplier":1},{"turnNum":21,"scoreEventType":"PICK_UP_OBTAINED","multiplier":1},{"turnNum":21,"scoreEventType":"CONTROL_POINT_HOLD","multiplier":1},{"turnNum":21,"scoreEventType":"CONTROL_POINT_HOLD","multiplier":1},{"turnNum":21,"scoreEventType":"CONTROL_POINT_HOLD","multiplier":1},{"turnNum":21,"scoreEventType":"CONTROL_POINT_HOLD","multiplier":1},{"turnNum":21,"scoreEventType":"CONTROL_POINT_HOLD","multiplier":1},{"turnNum":21,"scoreEventType":"CONTROL_POINT_HOLD","multiplier":1},{"turnNum":21,"scoreEventType":"CONTROL_POINT_HOLD","multiplier":1},{"turnNum":21,"scoreEventType":"CONTROL_POINT_HOLD","multiplier":1},{"turnNum":21,"scoreEventType":"CONTROL_POINT_HOLD","multiplier":1},{"turnNum":21,"scoreEventType":"CONTROL_POINT_HOLD","multiplier":1},{"turnNum":22,"scoreEventType":"MAP_TILE_EXPLORED","multiplier":1},{"turnNum":22,"scoreEventType":"MAP_TILE_EXPLORED","multiplier":1},{"turnNum":22,"scoreEventType":"MAP_TILE_EXPLORED","multiplier":1},{"turnNum":22,"scoreEventType":"CONTROL_POINT_HOLD","multiplier":1},{"turnNum":22,"scoreEventType":"CONTROL_POINT_HOLD","multiplier":1},{"turnNum":22,"scoreEventType":"CONTROL_POINT_HOLD","multiplier":1},{"turnNum":22,"scoreEventType":"CONTROL_POINT_HOLD","multiplier":1},{"turnNum":22,"scoreEventType":"CONTROL_POINT_HOLD","multiplier":1},{"turnNum":22,"scoreEventType":"CONTROL_POINT_HOLD","multiplier":1},{"turnNum":22,"scoreEventType":"CONTROL_POINT_CAPTURE","multiplier":1},{"turnNum":22,"scoreEventType":"CONTROL_POINT_HOLD","multiplier":1},{"turnNum":22,"scoreEventType":"CONTROL_POINT_HOLD","multiplier":1},{"turnNum":22,"scoreEventType":"CONTROL_POINT_HOLD","multiplier":1},{"turnNum":22,"scoreEventType":"CONTROL_POINT_HOLD","multiplier":1},{"turnNum":23,"scoreEventType":"MAP_TILE_EXPLORED","multiplier":1},{"turnNum":23,"scoreEventType":"MAP_TILE_EXPLORED","multiplier":1},{"turnNum":23,"scoreEventType":"CONTROL_POINT_HOLD","multiplier":1},{"turnNum":23,"scoreEventType":"CONTROL_POINT_HOLD","multiplier":1},{"turnNum":23,"scoreEventType":"CONTROL_POINT_HOLD","multiplier":1},{"turnNum":23,"scoreEventType":"CONTROL_POINT_HOLD","multiplier":1},{"turnNum":23,"scoreEventType":"CONTROL_POINT_HOLD","multiplier":1},{"turnNum":23,"scoreEventType":"CONTROL_POINT_HOLD","multiplier":1},{"turnNum":23,"scoreEventType":"CONTROL_POINT_HOLD","multiplier":1},{"turnNum":23,"scoreEventType":"CONTROL_POINT_HOLD","multiplier":1},{"turnNum":23,"scoreEventType":"CONTROL_POINT_HOLD","multiplier":1},{"turnNum":23,"scoreEventType":"CONTROL_POINT_HOLD","multiplier":1},{"turnNum":23,"scoreEventType":"CONTROL_POINT_HOLD","multiplier":1},{"turnNum":24,"scoreEventType":"PICK_UP_OBTAINED","multiplier":1},{"turnNum":24,"scoreEventType":"MAP_TILE_EXPLORED","multiplier":1},{"turnNum":24,"scoreEventType":"CONTROL_POINT_HOLD","multiplier":1},{"turnNum":24,"scoreEventType":"CONTROL_POINT_HOLD","multiplier":1},{"turnNum":24,"scoreEventType":"CONTROL_POINT_HOLD","multiplier":1},{"turnNum":24,"scoreEventType":"CONTROL_POINT_HOLD","multiplier":1},{"turnNum":24,"scoreEventType":"CONTROL_POINT_HOLD","multiplier":1},{"turnNum":24,"scoreEventType":"CONTROL_POINT_HOLD","multiplier":1},{"turnNum":24,"scoreEventType":"CONTROL_POINT_HOLD","multiplier":1},{"turnNum":24,"scoreEventType":"CONTROL_POINT_HOLD","multiplier":1},{"turnNum":24,"scoreEventType":"CONTROL_POINT_HOLD","multiplier":1},{"turnNum":24,"scoreEventType":"CONTROL_POINT_HOLD","multiplier":1},{"turnNum":24,"scoreEventType":"CONTROL_POINT_HOLD","multiplier":1},{"turnNum":25,"scoreEventType":"CONTROL_POINT_HOLD","multiplier":1},{"turnNum":25,"scoreEventType":"CONTROL_POINT_HOLD","multiplier":1},{"turnNum":25,"scoreEventType":"CONTROL_POINT_HOLD","multiplier":1},{"turnNum":25,"scoreEventType":"CONTROL_POINT_HOLD","multiplier":1},{"turnNum":25,"scoreEventType":"CONTROL_POINT_HOLD","multiplier":1},{"turnNum":25,"scoreEventType":"CONTROL_POINT_HOLD","multiplier":1},{"turnNum":25,"scoreEventType":"CONTROL_POINT_HOLD","multiplier":1},{"turnNum":25,"scoreEventType":"CONTROL_POINT_HOLD","multiplier":1},{"turnNum":25,"scoreEventType":"CONTROL_POINT_HOLD","multiplier":1},{"turnNum":25,"scoreEventType":"CONTROL_POINT_HOLD","multiplier":1},{"turnNum":25,"scoreEventType":"CONTROL_POINT_HOLD","multiplier":1},{"turnNum":26,"scoreEventType":"MAP_TILE_EXPLORED","multiplier":1},{"turnNum":26,"scoreEventType":"CONTROL_POINT_HOLD","multiplier":1},{"turnNum":26,"scoreEventType":"CONTROL_POINT_HOLD","multiplier":1},{"turnNum":26,"scoreEventType":"CONTROL_POINT_HOLD","multiplier":1},{"turnNum":26,"scoreEventType":"CONTROL_POINT_HOLD","multiplier":1},{"turnNum":26,"scoreEventType":"CONTROL_POINT_HOLD","multiplier":1},{"turnNum":26,"scoreEventType":"CONTROL_POINT_HOLD","multiplier":1},{"turnNum":26,"scoreEventType":"CONTROL_POINT_HOLD","multiplier":1},{"turnNum":26,"scoreEventType":"CONTROL_POINT_HOLD","multiplier":1},{"turnNum":26,"scoreEventType":"CONTROL_POINT_HOLD","multiplier":1},{"turnNum":26,"scoreEventType":"CONTROL_POINT_HOLD","multiplier":1},{"turnNum":26,"scoreEventType":"CONTROL_POINT_HOLD","multiplier":1},{"turnNum":27,"scoreEventType":"MAP_TILE_EXPLORED","multiplier":1},{"turnNum":27,"scoreEventType":"CONTROL_POINT_HOLD","multiplier":1},{"turnNum":27,"scoreEventType":"CONTROL_POINT_HOLD","multiplier":1},{"turnNum":27,"scoreEventType":"CONTROL_POINT_HOLD","multiplier":1},{"turnNum":27,"scoreEventType":"CONTROL_POINT_HOLD","multiplier":1},{"turnNum":27,"scoreEventType":"CONTROL_POINT_HOLD","multiplier":1},{"turnNum":27,"scoreEventType":"CONTROL_POINT_HOLD","multiplier":1},{"turnNum":27,"scoreEventType":"CONTROL_POINT_HOLD","multiplier":1},{"turnNum":27,"scoreEventType":"CONTROL_POINT_HOLD","multiplier":1},{"turnNum":27,"scoreEventType":"CONTROL_POINT_HOLD","multiplier":1},{"turnNum":27,"scoreEventType":"CONTROL_POINT_HOLD","multiplier":1},{"turnNum":27,"scoreEventType":"CONTROL_POINT_HOLD","multiplier":1},{"turnNum":28,"scoreEventType":"MAP_TILE_EXPLORED","multiplier":1},{"turnNum":28,"scoreEventType":"MAP_TILE_EXPLORED","multiplier":1},{"turnNum":28,"scoreEventType":"CONTROL_POINT_HOLD","multiplier":1},{"turnNum":28,"scoreEventType":"CONTROL_POINT_HOLD","multiplier":1},{"turnNum":28,"scoreEventType":"CONTROL_POINT_HOLD","multiplier":1},{"turnNum":28,"scoreEventType":"CONTROL_POINT_HOLD","multiplier":1},{"turnNum":28,"scoreEventType":"CONTROL_POINT_HOLD","multiplier":1},{"turnNum":28,"scoreEventType":"CONTROL_POINT_HOLD","multiplier":1},{"turnNum":28,"scoreEventType":"CONTROL_POINT_HOLD","multiplier":1},{"turnNum":28,"scoreEventType":"CONTROL_POINT_HOLD","multiplier":1},{"turnNum":28,"scoreEventType":"CONTROL_POINT_HOLD","multiplier":1},{"turnNum":28,"scoreEventType":"CONTROL_POINT_HOLD","multiplier":1},{"turnNum":28,"scoreEventType":"CONTROL_POINT_HOLD","multiplier":1},{"turnNum":29,"scoreEventType":"CONTROL_POINT_HOLD","multiplier":1},{"turnNum":29,"scoreEventType":"CONTROL_POINT_HOLD","multiplier":1},{"turnNum":29,"scoreEventType":"CONTROL_POINT_HOLD","multiplier":1},{"turnNum":29,"scoreEventType":"CONTROL_POINT_HOLD","multiplier":1},{"turnNum":29,"scoreEventType":"CONTROL_POINT_HOLD","multiplier":1},{"turnNum":29,"scoreEventType":"CONTROL_POINT_HOLD","multiplier":1},{"turnNum":29,"scoreEventType":"CONTROL_POINT_HOLD","multiplier":1},{"turnNum":29,"scoreEventType":"CONTROL_POINT_HOLD","multiplier":1},{"turnNum":29,"scoreEventType":"CONTROL_POINT_HOLD","multiplier":1},{"turnNum":29,"scoreEventType":"CONTROL_POINT_HOLD","multiplier":1},{"turnNum":29,"scoreEventType":"CONTROL_POINT_HOLD","multiplier":1},{"turnNum":30,"scoreEventType":"MAP_TILE_EXPLORED","multiplier":1},{"turnNum":30,"scoreEventType":"MAP_TILE_EXPLORED","multiplier":1},{"turnNum":30,"scoreEventType":"CONTROL_POINT_HOLD","multiplier":1},{"turnNum":30,"scoreEventType":"CONTROL_POINT_HOLD","multiplier":1},{"turnNum":30,"scoreEventType":"CONTROL_POINT_HOLD","multiplier":1},{"turnNum":30,"scoreEventType":"CONTROL_POINT_HOLD","multiplier":1},{"turnNum":30,"scoreEventType":"CONTROL_POINT_HOLD","multiplier":1},{"turnNum":30,"scoreEventType":"CONTROL_POINT_HOLD","multiplier":1},{"turnNum":30,"scoreEventType":"CONTROL_POINT_HOLD","multiplier":1},{"turnNum":30,"scoreEventType":"CONTROL_POINT_HOLD","multiplier":1},{"turnNum":30,"scoreEventType":"CONTROL_POINT_HOLD","multiplier":1},{"turnNum":30,"scoreEventType":"CONTROL_POINT_HOLD","multiplier":1},{"turnNum":30,"scoreEventType":"CONTROL_POINT_HOLD","multiplier":1},{"turnNum":31,"scoreEventType":"CONTROL_POINT_HOLD","multiplier":1},{"turnNum":31,"scoreEventType":"CONTROL_POINT_HOLD","multiplier":1},{"turnNum":31,"scoreEventType":"CONTROL_POINT_HOLD","multiplier":1},{"turnNum":31,"scoreEventType":"CONTROL_POINT_HOLD","multiplier":1},{"turnNum":31,"scoreEventType":"CONTROL_POINT_HOLD","multiplier":1},{"turnNum":31,"scoreEventType":"CONTROL_POINT_HOLD","multiplier":1},{"turnNum":31,"scoreEventType":"CONTROL_POINT_HOLD","multiplier":1},{"turnNum":31,"scoreEventType":"CONTROL_POINT_HOLD","multiplier":1},{"turnNum":31,"scoreEventType":"CONTROL_POINT_HOLD","multiplier":1},{"turnNum":31,"scoreEventType":"CONTROL_POINT_HOLD","multiplier":1},{"turnNum":31,"scoreEventType":"CONTROL_POINT_HOLD","multiplier":1},{"turnNum":32,"scoreEventType":"CONTROL_POINT_HOLD","multiplier":1},{"turnNum":32,"scoreEventType":"CONTROL_POINT_HOLD","multiplier":1},{"turnNum":32,"scoreEventType":"CONTROL_POINT_HOLD","multiplier":1},{"turnNum":32,"scoreEventType":"CONTROL_POINT_HOLD","multiplier":1},{"turnNum":32,"scoreEventType":"CONTROL_POINT_HOLD","multiplier":1},{"turnNum":32,"scoreEventType":"CONTROL_POINT_HOLD","multiplier":1},{"turnNum":32,"scoreEventType":"CONTROL_POINT_HOLD","multiplier":1},{"turnNum":32,"scoreEventType":"CONTROL_POINT_HOLD","multiplier":1},{"turnNum":32,"scoreEventType":"CONTROL_POINT_HOLD","multiplier":1},{"turnNum":32,"scoreEventType":"CONTROL_POINT_HOLD","multiplier":1},{"turnNum":32,"scoreEventType":"CONTROL_POINT_HOLD","multiplier":1},{"turnNum":33,"scoreEventType":"CONTROL_POINT_HOLD","multiplier":1},{"turnNum":33,"scoreEventType":"CONTROL_POINT_HOLD","multiplier":1},{"turnNum":33,"scoreEventType":"CONTROL_POINT_HOLD","multiplier":1},{"turnNum":33,"scoreEventType":"CONTROL_POINT_HOLD","multiplier":1},{"turnNum":33,"scoreEventType":"CONTROL_POINT_HOLD","multiplier":1},{"turnNum":33,"scoreEventType":"CONTROL_POINT_HOLD","multiplier":1},{"turnNum":33,"scoreEventType":"CONTROL_POINT_HOLD","multiplier":1},{"turnNum":33,"scoreEventType":"CONTROL_POINT_HOLD","multiplier":1},{"turnNum":33,"scoreEventType":"CONTROL_POINT_HOLD","multiplier":1},{"turnNum":33,"scoreEventType":"CONTROL_POINT_HOLD","multiplier":1},{"turnNum":33,"scoreEventType":"CONTROL_POINT_HOLD","multiplier":1},{"turnNum":34,"scoreEventType":"MAP_TILE_EXPLORED","multiplier":1},{"turnNum":34,"scoreEventType":"CONTROL_POINT_HOLD","multiplier":1},{"turnNum":34,"scoreEventType":"CONTROL_POINT_HOLD","multiplier":1},{"turnNum":34,"scoreEventType":"CONTROL_POINT_HOLD","multiplier":1},{"turnNum":34,"scoreEventType":"CONTROL_POINT_HOLD","multiplier":1},{"turnNum":34,"scoreEventType":"CONTROL_POINT_CAPTURE","multiplier":1},{"turnNum":34,"scoreEventType":"CONTROL_POINT_HOLD","multiplier":1},{"turnNum":34,"scoreEventType":"CONTROL_POINT_HOLD","multiplier":1},{"turnNum":34,"scoreEventType":"CONTROL_POINT_HOLD","multiplier":1},{"turnNum":34,"scoreEventType":"CONTROL_POINT_HOLD","multiplier":1},{"turnNum":34,"scoreEventType":"CONTROL_POINT_HOLD","multiplier":1},{"turnNum":34,"scoreEventType":"CONTROL_POINT_HOLD","multiplier":1},{"turnNum":34,"scoreEventType":"CONTROL_POINT_HOLD","multiplier":1},{"turnNum":35,"scoreEventType":"ENEMY_UNIT_HIT","multiplier":8},{"turnNum":35,"scoreEventType":"CONTROL_POINT_HOLD","multiplier":1},{"turnNum":35,"scoreEventType":"CONTROL_POINT_HOLD","multiplier":1},{"turnNum":35,"scoreEventType":"CONTROL_POINT_HOLD","multiplier":1},{"turnNum":35,"scoreEventType":"CONTROL_POINT_HOLD","multiplier":1},{"turnNum":35,"scoreEventType":"CONTROL_POINT_HOLD","multiplier":1},{"turnNum":35,"scoreEventType":"CONTROL_POINT_HOLD","multiplier":1},{"turnNum":35,"scoreEventType":"CONTROL_POINT_HOLD","multiplier":1},{"turnNum":35,"scoreEventType":"CONTROL_POINT_HOLD","multiplier":1},{"turnNum":35,"scoreEventType":"CONTROL_POINT_HOLD","multiplier":1},{"turnNum":35,"scoreEventType":"CONTROL_POINT_HOLD","multiplier":1},{"turnNum":35,"scoreEventType":"CONTROL_POINT_HOLD","multiplier":1},{"turnNum":35,"scoreEventType":"CONTROL_POINT_HOLD","multiplier":1},{"turnNum":36,"scoreEventType":"ENEMY_UNIT_HIT","multiplier":8},{"turnNum":36,"scoreEventType":"MAP_TILE_EXPLORED","multiplier":1},{"turnNum":36,"scoreEventType":"CONTROL_POINT_HOLD","multiplier":1},{"turnNum":36,"scoreEventType":"CONTROL_POINT_HOLD","multiplier":1},{"turnNum":36,"scoreEventType":"CONTROL_POINT_HOLD","multiplier":1},{"turnNum":36,"scoreEventType":"CONTROL_POINT_HOLD","multiplier":1},{"turnNum":36,"scoreEventType":"CONTROL_POINT_HOLD","multiplier":1},{"turnNum":36,"scoreEventType":"CONTROL_POINT_HOLD","multiplier":1},{"turnNum":36,"scoreEventType":"CONTROL_POINT_HOLD","multiplier":1},{"turnNum":36,"scoreEventType":"CONTROL_POINT_HOLD","multiplier":1},{"turnNum":36,"scoreEventType":"CONTROL_POINT_HOLD","multiplier":1},{"turnNum":36,"scoreEventType":"CONTROL_POINT_HOLD","multiplier":1},{"turnNum":36,"scoreEventType":"CONTROL_POINT_HOLD","multiplier":1},{"turnNum":36,"scoreEventType":"CONTROL_POINT_HOLD","multiplier":1},{"turnNum":37,"scoreEventType":"ENEMY_UNIT_HIT","multiplier":8},{"turnNum":37,"scoreEventType":"MAP_TILE_EXPLORED","multiplier":1},{"turnNum":37,"scoreEventType":"CONTROL_POINT_HOLD","multiplier":1},{"turnNum":37,"scoreEventType":"CONTROL_POINT_HOLD","multiplier":1},{"turnNum":37,"scoreEventType":"CONTROL_POINT_HOLD","multiplier":1},{"turnNum":37,"scoreEventType":"CONTROL_POINT_HOLD","multiplier":1},{"turnNum":37,"scoreEventType":"CONTROL_POINT_HOLD","multiplier":1},{"turnNum":37,"scoreEventType":"CONTROL_POINT_HOLD","multiplier":1},{"turnNum":37,"scoreEventType":"CONTROL_POINT_HOLD","multiplier":1},{"turnNum":37,"scoreEventType":"CONTROL_POINT_HOLD","multiplier":1},{"turnNum":37,"scoreEventType":"CONTROL_POINT_HOLD","multiplier":1},{"turnNum":37,"scoreEventType":"CONTROL_POINT_HOLD","multiplier":1},{"turnNum":37,"scoreEventType":"CONTROL_POINT_HOLD","multiplier":1},{"turnNum":37,"scoreEventType":"CONTROL_POINT_HOLD","multiplier":1},{"turnNum":38,"scoreEventType":"ENEMY_UNIT_HIT","multiplier":8},{"turnNum":38,"scoreEventType":"ENEMY_UNIT_KILLED","multiplier":1},{"turnNum":38,"scoreEventType":"MAP_TILE_EXPLORED","multiplier":1},{"turnNum":38,"scoreEventType":"CONTROL_POINT_HOLD","multiplier":1},{"turnNum":38,"scoreEventType":"CONTROL_POINT_HOLD","multiplier":1},{"turnNum":38,"scoreEventType":"CONTROL_POINT_HOLD","multiplier":1},{"turnNum":38,"scoreEventType":"CONTROL_POINT_HOLD","multiplier":1},{"turnNum":38,"scoreEventType":"CONTROL_POINT_HOLD","multiplier":1},{"turnNum":38,"scoreEventType":"CONTROL_POINT_HOLD","multiplier":1},{"turnNum":38,"scoreEventType":"CONTROL_POINT_HOLD","multiplier":1},{"turnNum":38,"scoreEventType":"CONTROL_POINT_HOLD","multiplier":1},{"turnNum":38,"scoreEventType":"CONTROL_POINT_HOLD","multiplier":1},{"turnNum":38,"scoreEventType":"CONTROL_POINT_HOLD","multiplier":1},{"turnNum":38,"scoreEventType":"CONTROL_POINT_HOLD","multiplier":1},{"turnNum":38,"scoreEventType":"CONTROL_POINT_HOLD","multiplier":1},{"turnNum":39,"scoreEventType":"ENEMY_UNIT_HIT","multiplier":8},{"turnNum":39,"scoreEventType":"MAP_TILE_EXPLORED","multiplier":1},{"turnNum":39,"scoreEventType":"CONTROL_POINT_HOLD","multiplier":1},{"turnNum":39,"scoreEventType":"CONTROL_POINT_HOLD","multiplier":1},{"turnNum":39,"scoreEventType":"CONTROL_POINT_HOLD","multiplier":1},{"turnNum":39,"scoreEventType":"CONTROL_POINT_HOLD","multiplier":1},{"turnNum":39,"scoreEventType":"CONTROL_POINT_HOLD","multiplier":1},{"turnNum":39,"scoreEventType":"CONTROL_POINT_HOLD","multiplier":1},{"turnNum":39,"scoreEventType":"CONTROL_POINT_HOLD","multiplier":1},{"turnNum":39,"scoreEventType":"CONTROL_POINT_HOLD","multiplier":1},{"turnNum":39,"scoreEventType":"CONTROL_POINT_HOLD","multiplier":1},{"turnNum":39,"scoreEventType":"CONTROL_POINT_HOLD","multiplier":1},{"turnNum":39,"scoreEventType":"CONTROL_POINT_HOLD","multiplier":1},{"turnNum":39,"scoreEventType":"CONTROL_POINT_HOLD","multiplier":1},{"turnNum":40,"scoreEventType":"ENEMY_UNIT_HIT","multiplier":8},{"turnNum":40,"scoreEventType":"CONTROL_POINT_HOLD","multiplier":1},{"turnNum":40,"scoreEventType":"CONTROL_POINT_HOLD","multiplier":1},{"turnNum":40,"scoreEventType":"CONTROL_POINT_HOLD","multiplier":1},{"turnNum":40,"scoreEventType":"CONTROL_POINT_HOLD","multiplier":1},{"turnNum":40,"scoreEventType":"CONTROL_POINT_HOLD","multiplier":1},{"turnNum":40,"scoreEventType":"CONTROL_POINT_HOLD","multiplier":1},{"turnNum":40,"scoreEventType":"CONTROL_POINT_HOLD","multiplier":1},{"turnNum":40,"scoreEventType":"CONTROL_POINT_HOLD","multiplier":1},{"turnNum":40,"scoreEventType":"CONTROL_POINT_HOLD","multiplier":1},{"turnNum":40,"scoreEventType":"CONTROL_POINT_HOLD","multiplier":1},{"turnNum":40,"scoreEventType":"CONTROL_POINT_HOLD","multiplier":1},{"turnNum":40,"scoreEventType":"CONTROL_POINT_HOLD","multiplier":1},{"turnNum":41,"scoreEventType":"ENEMY_UNIT_HIT","multiplier":8},{"turnNum":41,"scoreEventType":"CONTROL_POINT_HOLD","multiplier":1},{"turnNum":41,"scoreEventType":"CONTROL_POINT_HOLD","multiplier":1},{"turnNum":41,"scoreEventType":"CONTROL_POINT_HOLD","multiplier":1},{"turnNum":41,"scoreEventType":"CONTROL_POINT_HOLD","multiplier":1},{"turnNum":41,"scoreEventType":"CONTROL_POINT_HOLD","multiplier":1},{"turnNum":41,"scoreEventType":"CONTROL_POINT_HOLD","multiplier":1},{"turnNum":41,"scoreEventType":"CONTROL_POINT_HOLD","multiplier":1},{"turnNum":41,"scoreEventType":"CONTROL_POINT_HOLD","multiplier":1},{"turnNum":41,"scoreEventType":"CONTROL_POINT_HOLD","multiplier":1},{"turnNum":41,"scoreEventType":"CONTROL_POINT_HOLD","multiplier":1},{"turnNum":41,"scoreEventType":"CONTROL_POINT_HOLD","multiplier":1},{"turnNum":41,"scoreEventType":"CONTROL_POINT_HOLD","multiplier":1},{"turnNum":42,"scoreEventType":"ENEMY_UNIT_HIT","multiplier":8},{"turnNum":42,"scoreEventType":"ENEMY_UNIT_KILLED","multiplier":1},{"turnNum":42,"scoreEventType":"CONTROL_POINT_HOLD","multiplier":1},{"turnNum":42,"scoreEventType":"CONTROL_POINT_HOLD","multiplier":1},{"turnNum":42,"scoreEventType":"CONTROL_POINT_HOLD","multiplier":1},{"turnNum":42,"scoreEventType":"CONTROL_POINT_HOLD","multiplier":1},{"turnNum":42,"scoreEventType":"CONTROL_POINT_HOLD","multiplier":1},{"turnNum":42,"scoreEventType":"CONTROL_POINT_HOLD","multiplier":1},{"turnNum":42,"scoreEventType":"CONTROL_POINT_HOLD","multiplier":1},{"turnNum":42,"scoreEventType":"CONTROL_POINT_HOLD","multiplier":1},{"turnNum":42,"scoreEventType":"CONTROL_POINT_HOLD","multiplier":1},{"turnNum":42,"scoreEventType":"CONTROL_POINT_HOLD","multiplier":1},{"turnNum":42,"scoreEventType":"CONTROL_POINT_HOLD","multiplier":1},{"turnNum":42,"scoreEventType":"CONTROL_POINT_HOLD","multiplier":1},{"turnNum":43,"scoreEventType":"MAP_TILE_EXPLORED","multiplier":1},{"turnNum":43,"scoreEventType":"CONTROL_POINT_HOLD","multiplier":1},{"turnNum":43,"scoreEventType":"CONTROL_POINT_HOLD","multiplier":1},{"turnNum":43,"scoreEventType":"CONTROL_POINT_HOLD","multiplier":1},{"turnNum":43,"scoreEventType":"CONTROL_POINT_HOLD","multiplier":1},{"turnNum":43,"scoreEventType":"CONTROL_POINT_HOLD","multiplier":1},{"turnNum":43,"scoreEventType":"CONTROL_POINT_HOLD","multiplier":1},{"turnNum":43,"scoreEventType":"CONTROL_POINT_HOLD","multiplier":1},{"turnNum":43,"scoreEventType":"CONTROL_POINT_HOLD","multiplier":1},{"turnNum":43,"scoreEventType":"CONTROL_POINT_HOLD","multiplier":1},{"turnNum":43,"scoreEventType":"CONTROL_POINT_HOLD","multiplier":1},{"turnNum":43,"scoreEventType":"CONTROL_POINT_HOLD","multiplier":1},{"turnNum":43,"scoreEventType":"CONTROL_POINT_HOLD","multiplier":1},{"turnNum":44,"scoreEventType":"ENEMY_UNIT_HIT","multiplier":8},{"turnNum":44,"scoreEventType":"CONTROL_POINT_HOLD","multiplier":1},{"turnNum":44,"scoreEventType":"CONTROL_POINT_HOLD","multiplier":1},{"turnNum":44,"scoreEventType":"CONTROL_POINT_HOLD","multiplier":1},{"turnNum":44,"scoreEventType":"CONTROL_POINT_HOLD","multiplier":1},{"turnNum":44,"scoreEventType":"CONTROL_POINT_HOLD","multiplier":1},{"turnNum":44,"scoreEventType":"CONTROL_POINT_HOLD","multiplier":1},{"turnNum":44,"scoreEventType":"CONTROL_POINT_HOLD","multiplier":1},{"turnNum":44,"scoreEventType":"CONTROL_POINT_HOLD","multiplier":1},{"turnNum":44,"scoreEventType":"CONTROL_POINT_HOLD","multiplier":1},{"turnNum":44,"scoreEventType":"CONTROL_POINT_HOLD","multiplier":1},{"turnNum":44,"scoreEventType":"CONTROL_POINT_HOLD","multiplier":1},{"turnNum":44,"scoreEventType":"CONTROL_POINT_HOLD","multiplier":1},{"turnNum":45,"scoreEventType":"ENEMY_UNIT_HIT","multiplier":8},{"turnNum":45,"scoreEventType":"CONTROL_POINT_HOLD","multiplier":1},{"turnNum":45,"scoreEventType":"CONTROL_POINT_HOLD","multiplier":1},{"turnNum":45,"scoreEventType":"CONTROL_POINT_HOLD","multiplier":1},{"turnNum":45,"scoreEventType":"CONTROL_POINT_HOLD","multiplier":1},{"turnNum":45,"scoreEventType":"CONTROL_POINT_HOLD","multiplier":1},{"turnNum":45,"scoreEventType":"CONTROL_POINT_HOLD","multiplier":1},{"turnNum":45,"scoreEventType":"CONTROL_POINT_HOLD","multiplier":1},{"turnNum":45,"scoreEventType":"CONTROL_POINT_HOLD","multiplier":1},{"turnNum":45,"scoreEventType":"CONTROL_POINT_HOLD","multiplier":1},{"turnNum":45,"scoreEventType":"CONTROL_POINT_HOLD","multiplier":1},{"turnNum":45,"scoreEventType":"CONTROL_POINT_HOLD","multiplier":1},{"turnNum":45,"scoreEventType":"CONTROL_POINT_HOLD","multiplier":1},{"turnNum":46,"scoreEventType":"ENEMY_UNIT_HIT","multiplier":8},{"turnNum":46,"scoreEventType":"CONTROL_POINT_HOLD","multiplier":1},{"turnNum":46,"scoreEventType":"CONTROL_POINT_HOLD","multiplier":1},{"turnNum":46,"scoreEventType":"CONTROL_POINT_HOLD","multiplier":1},{"turnNum":46,"scoreEventType":"CONTROL_POINT_HOLD","multiplier":1},{"turnNum":46,"scoreEventType":"CONTROL_POINT_HOLD","multiplier":1},{"turnNum":46,"scoreEventType":"CONTROL_POINT_HOLD","multiplier":1},{"turnNum":46,"scoreEventType":"CONTROL_POINT_HOLD","multiplier":1},{"turnNum":46,"scoreEventType":"CONTROL_POINT_HOLD","multiplier":1},{"turnNum":46,"scoreEventType":"CONTROL_POINT_HOLD","multiplier":1},{"turnNum":46,"scoreEventType":"CONTROL_POINT_HOLD","multiplier":1},{"turnNum":46,"scoreEventType":"CONTROL_POINT_HOLD","multiplier":1},{"turnNum":46,"scoreEventType":"CONTROL_POINT_HOLD","multiplier":1},{"turnNum":47,"scoreEventType":"ENEMY_UNIT_HIT","multiplier":8},{"turnNum":47,"scoreEventType":"ENEMY_UNIT_KILLED","multiplier":1},{"turnNum":47,"scoreEventType":"CONTROL_POINT_HOLD","multiplier":1},{"turnNum":47,"scoreEventType":"CONTROL_POINT_HOLD","multiplier":1},{"turnNum":47,"scoreEventType":"CONTROL_POINT_HOLD","multiplier":1},{"turnNum":47,"scoreEventType":"CONTROL_POINT_HOLD","multiplier":1},{"turnNum":47,"scoreEventType":"CONTROL_POINT_HOLD","multiplier":1},{"turnNum":47,"scoreEventType":"CONTROL_POINT_HOLD","multiplier":1},{"turnNum":47,"scoreEventType":"CONTROL_POINT_HOLD","multiplier":1},{"turnNum":47,"scoreEventType":"CONTROL_POINT_HOLD","multiplier":1},{"turnNum":47,"scoreEventType":"CONTROL_POINT_HOLD","multiplier":1},{"turnNum":47,"scoreEventType":"CONTROL_POINT_HOLD","multiplier":1},{"turnNum":47,"scoreEventType":"CONTROL_POINT_HOLD","multiplier":1},{"turnNum":47,"scoreEventType":"CONTROL_POINT_HOLD","multiplier":1},{"turnNum":48,"scoreEventType":"CONTROL_POINT_HOLD","multiplier":1},{"turnNum":48,"scoreEventType":"CONTROL_POINT_HOLD","multiplier":1},{"turnNum":48,"scoreEventType":"CONTROL_POINT_HOLD","multiplier":1},{"turnNum":48,"scoreEventType":"CONTROL_POINT_HOLD","multiplier":1},{"turnNum":48,"scoreEventType":"CONTROL_POINT_HOLD","multiplier":1},{"turnNum":48,"scoreEventType":"CONTROL_POINT_HOLD","multiplier":1},{"turnNum":48,"scoreEventType":"CONTROL_POINT_HOLD","multiplier":1},{"turnNum":48,"scoreEventType":"CONTROL_POINT_HOLD","multiplier":1},{"turnNum":48,"scoreEventType":"CONTROL_POINT_HOLD","multiplier":1},{"turnNum":48,"scoreEventType":"CONTROL_POINT_HOLD","multiplier":1},{"turnNum":48,"scoreEventType":"CONTROL_POINT_HOLD","multiplier":1},{"turnNum":48,"scoreEventType":"CONTROL_POINT_HOLD","multiplier":1},{"turnNum":49,"scoreEventType":"MAP_TILE_EXPLORED","multiplier":1},{"turnNum":49,"scoreEventType":"CONTROL_POINT_HOLD","multiplier":1},{"turnNum":49,"scoreEventType":"CONTROL_POINT_HOLD","multiplier":1},{"turnNum":49,"scoreEventType":"CONTROL_POINT_HOLD","multiplier":1},{"turnNum":49,"scoreEventType":"CONTROL_POINT_HOLD","multiplier":1},{"turnNum":49,"scoreEventType":"CONTROL_POINT_HOLD","multiplier":1},{"turnNum":49,"scoreEventType":"CONTROL_POINT_HOLD","multiplier":1},{"turnNum":49,"scoreEventType":"CONTROL_POINT_HOLD","multiplier":1},{"turnNum":49,"scoreEventType":"CONTROL_POINT_HOLD","multiplier":1},{"turnNum":49,"scoreEventType":"CONTROL_POINT_HOLD","multiplier":1},{"turnNum":49,"scoreEventType":"CONTROL_POINT_HOLD","multiplier":1},{"turnNum":49,"scoreEventType":"CONTROL_POINT_HOLD","multiplier":1},{"turnNum":49,"scoreEventType":"CONTROL_POINT_HOLD","multiplier":1},{"turnNum":50,"scoreEventType":"ENEMY_UNIT_HIT","multiplier":8},{"turnNum":50,"scoreEventType":"CONTROL_POINT_HOLD","multiplier":1},{"turnNum":50,"scoreEventType":"CONTROL_POINT_HOLD","multiplier":1},{"turnNum":50,"scoreEventType":"CONTROL_POINT_HOLD","multiplier":1},{"turnNum":50,"scoreEventType":"CONTROL_POINT_HOLD","multiplier":1},{"turnNum":50,"scoreEventType":"CONTROL_POINT_HOLD","multiplier":1},{"turnNum":50,"scoreEventType":"CONTROL_POINT_HOLD","multiplier":1},{"turnNum":50,"scoreEventType":"CONTROL_POINT_HOLD","multiplier":1},{"turnNum":50,"scoreEventType":"CONTROL_POINT_HOLD","multiplier":1},{"turnNum":50,"scoreEventType":"CONTROL_POINT_HOLD","multiplier":1},{"turnNum":50,"scoreEventType":"CONTROL_POINT_HOLD","multiplier":1},{"turnNum":50,"scoreEventType":"CONTROL_POINT_HOLD","multiplier":1},{"turnNum":50,"scoreEventType":"CONTROL_POINT_HOLD","multiplier":1},{"turnNum":51,"scoreEventType":"ENEMY_UNIT_HIT","multiplier":8},{"turnNum":51,"scoreEventType":"CONTROL_POINT_HOLD","multiplier":1},{"turnNum":51,"scoreEventType":"CONTROL_POINT_HOLD","multiplier":1},{"turnNum":51,"scoreEventType":"CONTROL_POINT_HOLD","multiplier":1},{"turnNum":51,"scoreEventType":"CONTROL_POINT_HOLD","multiplier":1},{"turnNum":51,"scoreEventType":"CONTROL_POINT_HOLD","multiplier":1},{"turnNum":51,"scoreEventType":"CONTROL_POINT_HOLD","multiplier":1},{"turnNum":51,"scoreEventType":"CONTROL_POINT_HOLD","multiplier":1},{"turnNum":51,"scoreEventType":"CONTROL_POINT_HOLD","multiplier":1},{"turnNum":51,"scoreEventType":"CONTROL_POINT_HOLD","multiplier":1},{"turnNum":51,"scoreEventType":"CONTROL_POINT_HOLD","multiplier":1},{"turnNum":51,"scoreEventType":"CONTROL_POINT_HOLD","multiplier":1},{"turnNum":51,"scoreEventType":"CONTROL_POINT_HOLD","multiplier":1},{"turnNum":52,"scoreEventType":"ENEMY_UNIT_HIT","multiplier":8},{"turnNum":52,"scoreEventType":"CONTROL_POINT_HOLD","multiplier":1},{"turnNum":52,"scoreEventType":"CONTROL_POINT_HOLD","multiplier":1},{"turnNum":52,"scoreEventType":"CONTROL_POINT_HOLD","multiplier":1},{"turnNum":52,"scoreEventType":"CONTROL_POINT_HOLD","multiplier":1},{"turnNum":52,"scoreEventType":"CONTROL_POINT_HOLD","multiplier":1},{"turnNum":52,"scoreEventType":"CONTROL_POINT_HOLD","multiplier":1},{"turnNum":52,"scoreEventType":"CONTROL_POINT_HOLD","multiplier":1},{"turnNum":52,"scoreEventType":"CONTROL_POINT_HOLD","multiplier":1},{"turnNum":52,"scoreEventType":"CONTROL_POINT_HOLD","multiplier":1},{"turnNum":52,"scoreEventType":"CONTROL_POINT_HOLD","multiplier":1},{"turnNum":52,"scoreEventType":"CONTROL_POINT_HOLD","multiplier":1},{"turnNum":52,"scoreEventType":"CONTROL_POINT_HOLD","multiplier":1},{"turnNum":53,"scoreEventType":"ENEMY_UNIT_HIT","multiplier":8},{"turnNum":53,"scoreEventType":"ENEMY_UNIT_KILLED","multiplier":1},{"turnNum":53,"scoreEventType":"CONTROL_POINT_HOLD","multiplier":1},{"turnNum":53,"scoreEventType":"CONTROL_POINT_HOLD","multiplier":1},{"turnNum":53,"scoreEventType":"CONTROL_POINT_HOLD","multiplier":1},{"turnNum":53,"scoreEventType":"CONTROL_POINT_HOLD","multiplier":1},{"turnNum":53,"scoreEventType":"CONTROL_POINT_HOLD","multiplier":1},{"turnNum":53,"scoreEventType":"CONTROL_POINT_HOLD","multiplier":1},{"turnNum":53,"scoreEventType":"CONTROL_POINT_HOLD","multiplier":1},{"turnNum":53,"scoreEventType":"CONTROL_POINT_HOLD","multiplier":1},{"turnNum":53,"scoreEventType":"CONTROL_POINT_HOLD","multiplier":1},{"turnNum":53,"scoreEventType":"CONTROL_POINT_HOLD","multiplier":1},{"turnNum":53,"scoreEventType":"CONTROL_POINT_HOLD","multiplier":1},{"turnNum":53,"scoreEventType":"CONTROL_POINT_HOLD","multiplier":1},{"turnNum":53,"scoreEventType":"SQUAD_ELIMINATION","multiplier":1},{"turnNum":53,"scoreEventType":"GAME_TIME_BONUS_SURVIVOR","multiplier":17689}],[{"turnNum":0,"scoreEventType":"CONTROL_POINT_CAPTURE","multiplier":1},{"turnNum":0,"scoreEventType":"MAP_TILE_EXPLORED","multiplier":1},{"turnNum":0,"scoreEventType":"MAP_TILE_EXPLORED","multiplier":1},{"turnNum":0,"scoreEventType":"MAP_TILE_EXPLORED","multiplier":1},{"turnNum":0,"scoreEventType":"MAP_TILE_EXPLORED","multiplier":1},{"turnNum":0,"scoreEventType":"CONTROL_POINT_HOLD","multiplier":1},{"turnNum":1,"scoreEventType":"CONTROL_POINT_HOLD","multiplier":1},{"turnNum":2,"scoreEventType":"CONTROL_POINT_HOLD","multiplier":1},{"turnNum":3,"scoreEventType":"CONTROL_POINT_HOLD","multiplier":1},{"turnNum":4,"scoreEventType":"CONTROL_POINT_HOLD","multiplier":1},{"turnNum":5,"scoreEventType":"CONTROL_POINT_HOLD","multiplier":1},{"turnNum":6,"scoreEventType":"CONTROL_POINT_HOLD","multiplier":1},{"turnNum":7,"scoreEventType":"CONTROL_POINT_HOLD","multiplier":1},{"turnNum":8,"scoreEventType":"CONTROL_POINT_HOLD","multiplier":1},{"turnNum":9,"scoreEventType":"CONTROL_POINT_HOLD","multiplier":1},{"turnNum":10,"scoreEventType":"CONTROL_POINT_HOLD","multiplier":1},{"turnNum":11,"scoreEventType":"CONTROL_POINT_HOLD","multiplier":1},{"turnNum":12,"scoreEventType":"CONTROL_POINT_HOLD","multiplier":1},{"turnNum":13,"scoreEventType":"CONTROL_POINT_HOLD","multiplier":1},{"turnNum":14,"scoreEventType":"CONTROL_POINT_HOLD","multiplier":1},{"turnNum":14,"scoreEventType":"CONTROL_POINT_LOSS","multiplier":1},{"turnNum":53,"scoreEventType":"GAME_TIME_BONUS_DEAD","multiplier":53}]],"gameLength":53,"missedTurns":[0,0]}